"country_name","city","year","pm10_concentration","pm25_concentration","no2_concentration","pm10_tempcov","pm25_tempcov","no2_tempcov","type_of_stations","population","latitude","longitude","who_ms","clean_city","Region"
"United Kingdom of Great Britain and Northern Ireland","Aberdeen/GBR",2010,13.295,7.074,58.645,NA,80,79,NA,208361,57.15309167,-2.098342667,1,"Aberdeen","NA"
"United Kingdom of Great Britain and Northern Ireland","Armagh/GBR",2010,NA,NA,26.014,NA,NA,87,NA,14749,54.353728,-6.654558,1,"Armagh","NA"
"United Kingdom of Great Britain and Northern Ireland","Barnsley/GBR",2010,NA,NA,25.122,NA,NA,94,NA,239379,53.56292,-1.510436,1,"Barnsley","Yorkshire and The Humber"
"United Kingdom of Great Britain and Northern Ireland","Bath/GBR",2010,NA,NA,60.475,NA,NA,99,NA,106009,51.391127,-2.354155,1,"Bath","South West"
"United Kingdom of Great Britain and Northern Ireland","Belfast/GBR",2010,NA,13.509,34.752,NA,97,92,NA,630632,54.59965,-5.928833,1,"Belfast","NA"
"United Kingdom of Great Britain and Northern Ireland","Biandrate/GBR",2010,21.459,17.229,37.693,NA,77,96,NA,10833,52.132417,-0.300306,1,"Biandrate","NA"
"United Kingdom of Great Britain and Northern Ireland","Billingham/GBR",2010,NA,NA,27.63,NA,NA,96,NA,34018,54.60537,-1.275039,1,"Billingham","North East"
"United Kingdom of Great Britain and Northern Ireland","Birmingham/GBR",2010,20.481,14.623,44.065,NA,99,99,NA,997130,52.51172125,-1.8305795,1,"Birmingham","West Midlands"
"United Kingdom of Great Britain and Northern Ireland","Bournemouth/GBR",2010,NA,NA,17.784,NA,NA,99,NA,505687,50.73957,-1.826744,1,"Bournemouth","South West"
"United Kingdom of Great Britain and Northern Ireland","Brighton/GBR",2010,NA,NA,21.715,NA,NA,89,NA,249782,50.840836,-0.147572,1,"Brighton","South East"
"United Kingdom of Great Britain and Northern Ireland","Bristol/GBR",2010,20.331,14.211,47.568,NA,96,85,NA,686210,51.46113675,-2.58424125,1,"Bristol","South West"
"United Kingdom of Great Britain and Northern Ireland","Cambridge/GBR",2010,NA,NA,25.734,NA,NA,96,NA,183672,52.250435,0.2076865,1,"Cambridge","East of England"
"United Kingdom of Great Britain and Northern Ireland","Canterbury/GBR",2010,NA,NA,18.225,NA,NA,99,NA,80561,51.27399,1.098061,1,"Canterbury","South East"
"United Kingdom of Great Britain and Northern Ireland","Cardiff/GBR",2010,NA,13.8,32.854,NA,85,95,NA,477627,51.48178,-3.17625,1,"Cardiff","Wales"
"United Kingdom of Great Britain and Northern Ireland","Carlisle/GBR",2010,22.467,15.536,32.792,NA,95,96,NA,104113,54.894834,-2.945307,1,"Carlisle","North West"
"United Kingdom of Great Britain and Northern Ireland","Chesterfield/GBR",2010,19.87,13.262,21.175,NA,92,94,NA,96749,53.2310386,-1.4429442,1,"Chesterfield","East Midlands"
"United Kingdom of Great Britain and Northern Ireland","Coventry/GBR",2010,NA,12.277,21.242,NA,99,96,NA,359262,52.394399,-1.519612,1,"Coventry","West Midlands"
"United Kingdom of Great Britain and Northern Ireland","Dumfries/GBR",2010,NA,NA,39.94,NA,NA,99,NA,33891,55.070033,-3.614233,1,"Dumfries","NA"
"United Kingdom of Great Britain and Northern Ireland","Eastbourne/GBR",2010,NA,13.414,NA,NA,94,NA,NA,91613,50.805779,0.271611,1,"Eastbourne","South East"
"United Kingdom of Great Britain and Northern Ireland","Edinburgh/GBR",2010,14.213,9.488,27.358,NA,94,99,NA,536775,55.96247725,-3.31434775,1,"Edinburgh","NA"
"United Kingdom of Great Britain and Northern Ireland","Exeter/GBR",2010,NA,NA,39.877,NA,NA,97,NA,NA,50.725083,-3.532465,1,"Exeter","South West"
"United Kingdom of Great Britain and Northern Ireland","Glasgow/GBR",2010,28.631,17.744,58.796,NA,98,97,NA,1673332,55.85889733,-4.255491333,1,"Glasgow","NA"
"United Kingdom of Great Britain and Northern Ireland","Leeds/GBR",2010,20.969,16.756,43.765,NA,92,94,NA,745722,53.8102568,-1.5584276,1,"Leeds","Yorkshire and The Humber"
"United Kingdom of Great Britain and Northern Ireland","Leicester/GBR",2010,18.733,NA,41.524,NA,NA,81,NA,552178,52.631348,-1.133006,1,"Leicester","East Midlands"
"United Kingdom of Great Britain and Northern Ireland","Liverpool/GBR",2010,17.462,11.744,28.69,NA,84,97,NA,901708,53.389203,-2.7935132,1,"Liverpool","North West"
"United Kingdom of Great Britain and Northern Ireland","London/GBR",2010,22.712,14.387,49.231,NA,86,93,NA,9304016,51.51541237,-0.164512667,1,"London","London"
"United Kingdom of Great Britain and Northern Ireland","Manchester/GBR",2010,NA,NA,36.693,NA,NA,97,NA,2730076,53.425273,-2.2405805,1,"Manchester","North West"
"United Kingdom of Great Britain and Northern Ireland","Newcastle Upon Tyne/GBR",2010,14.853,10.392,34.134,NA,91,98,NA,809481,54.98028875,-1.6067365,1,"Newcastle Upon Tyne","North East"
"United Kingdom of Great Britain and Northern Ireland","Newport/GBR",2010,NA,15.188,26.021,NA,80,96,NA,316371,51.601203,-2.977281,1,"Newport","Wales"
"United Kingdom of Great Britain and Northern Ireland","Norwich/GBR",2010,17.796,12.646,13.241,NA,94,91,NA,128739,52.614193,1.301976,1,"Norwich","East of England"
"United Kingdom of Great Britain and Northern Ireland","Nottingham/GBR",2010,23.002,15.861,39.955,NA,76,99,NA,787610,52.95473,-1.146447,1,"Nottingham","East Midlands"
"United Kingdom of Great Britain and Northern Ireland","Oxford/GBR",2010,16.672,14.346,40.151,NA,96,95,NA,140966,51.74654075,-1.25957425,1,"Oxford","South East"
"United Kingdom of Great Britain and Northern Ireland","Plymouth/GBR",2010,NA,11.021,35.733,NA,94,95,NA,241002,50.37167,-4.142361,1,"Plymouth","South West"
"United Kingdom of Great Britain and Northern Ireland","Portsmouth/GBR",2010,NA,NA,21.868,NA,NA,98,NA,193379,50.82881,-1.068583,1,"Portsmouth","South East"
"United Kingdom of Great Britain and Northern Ireland","Reading/GBR",2010,NA,13.365,NA,NA,81,NA,NA,128615,51.45309,-0.944067,1,"Reading","South East"
"United Kingdom of Great Britain and Northern Ireland","Salford/GBR",2010,18.519,14.987,41.925,NA,92,86,NA,103886,53.48481,-2.334139,1,"Salford","North West"
"United Kingdom of Great Britain and Northern Ireland","Sandwell/GBR",2010,NA,NA,31.086,NA,NA,99,NA,329042,52.52062,-1.995556,1,"Sandwell","West Midlands"
"United Kingdom of Great Britain and Northern Ireland","Sheffield/GBR",2010,21.702,15.724,37.065,NA,99,96,NA,730158,53.385935,-1.45401425,1,"Sheffield","Yorkshire and The Humber"
"United Kingdom of Great Britain and Northern Ireland","Southampton/GBR",2010,17.754,13.292,36.016,NA,75,79,NA,228086,50.90814,-1.395778,1,"Southampton","South East"
"United Kingdom of Great Britain and Northern Ireland","Southend On Sea/GBR",2010,NA,14.227,NA,NA,98,NA,NA,312328,51.544206,0.678408,1,"Southend On Sea","East of England"
"United Kingdom of Great Britain and Northern Ireland","Stockton On Tees/GBR",2010,14.417,9.369,21.125,NA,92,99,NA,188521,54.516667,-1.358547,1,"Stockton On Tees","North East"
"United Kingdom of Great Britain and Northern Ireland","Stoke On Trent/GBR",2010,22.115,16.52,34.697,NA,97,97,NA,386013,53.02821,-2.175133,1,"Stoke On Trent","West Midlands"
"United Kingdom of Great Britain and Northern Ireland","Sunderland/GBR",2010,NA,10.791,16.327,NA,95,96,NA,341366,54.88361,-1.406878,1,"Sunderland","North East"
"United Kingdom of Great Britain and Northern Ireland","Swansea/GBR",2010,15.749,8.994,36.143,NA,95,99,NA,311408,51.632696,-3.947374,1,"Swansea","Wales"
"United Kingdom of Great Britain and Northern Ireland","Thurrock/GBR",2010,24.201,NA,29.199,NA,NA,85,NA,149056,51.47707,0.317969,1,"Thurrock","East of England"
"United Kingdom of Great Britain and Northern Ireland","Wigan/GBR",2010,NA,NA,26.171,NA,NA,99,NA,305645,53.54914,-2.638139,1,"Wigan","North West"
"United Kingdom of Great Britain and Northern Ireland","Wrexham/GBR",2010,14.277,9.835,24.209,NA,86,97,NA,130702,53.042221,-3.00278,1,"Wrexham","Wales"
"United Kingdom of Great Britain and Northern Ireland","York/GBR",2010,19.164,13.589,48.57,NA,98,94,NA,192131,53.959701,-1.0811875,1,"York","Yorkshire and The Humber"
"United Kingdom of Great Britain and Northern Ireland","Aberdeen/GBR",2020,9.435,5.018,20.728,100,100,97,"Urban, Urban, Urban",229060,57.14526767,-2.098316,1,"Aberdeen","NA"
"United Kingdom of Great Britain and Northern Ireland","Alfriston/GBR",2013,NA,NA,8.58,NA,NA,93,"Rural",NA,50.7937,0.1813,1,"Alfriston","South East"
"United Kingdom of Great Britain and Northern Ireland","Armagh/GBR",2013,19.022,NA,26.477,75,NA,99,"Urban",14749,54.35371867,-6.654572,1,"Armagh","NA"
"United Kingdom of Great Britain and Northern Ireland","Barnsley/GBR",2013,NA,NA,21.49,NA,NA,98,"Urban",241824,53.56291,-1.510418,1,"Barnsley","Yorkshire and The Humber"
"United Kingdom of Great Britain and Northern Ireland","Barnstaple/GBR",2013,18.668,10.027,NA,10,12,NA,"Urban",NA,51.0748,-4.0419,1,"Barnstaple","South West"
"United Kingdom of Great Britain and Northern Ireland","Bath and North East Somerset/GBR",2013,NA,NA,57.257,NA,NA,99,"Urban",190392,51.3911,-2.3542,1,"Bath and North East Somerset","South West"
"United Kingdom of Great Britain and Northern Ireland","Bath/GBR",2013,NA,NA,57.257,NA,NA,99,NA,106009,51.391127,-2.354155,1,"Bath","South West"
"United Kingdom of Great Britain and Northern Ireland","Belfast/GBR",2013,NA,11.563,31.34,NA,NA,95,NA,630632,54.59965,-5.928833,1,"Belfast","NA"
"United Kingdom of Great Britain and Northern Ireland","Birmingham/GBR",2013,18.54,14.269,36.723,NA,NA,95,NA,997130,52.49325975,-1.83054125,1,"Birmingham","West Midlands"
"United Kingdom of Great Britain and Northern Ireland","Blackburn With Darwen/GBR",2013,NA,NA,24.137,NA,NA,94,"Urban",148857,53.7155,-2.4838,1,"Blackburn With Darwen","North West"
"United Kingdom of Great Britain and Northern Ireland","Blackpool/GBR",2013,NA,NA,16.326,NA,NA,96,"Urban",262708,53.804895,-3.0071875,1,"Blackpool","North West"
"United Kingdom of Great Britain and Northern Ireland","Bournemouth/GBR",2013,NA,9.185,14.496,NA,98,99,"Urban",505687,50.73958,-1.826729333,1,"Bournemouth","South West"
"United Kingdom of Great Britain and Northern Ireland","Brighton/GBR",2013,NA,11.182,16.733,NA,98,99,"Urban",284211,50.840824,-0.147581333,1,"Brighton","South East"
"United Kingdom of Great Britain and Northern Ireland","Belfast/GBR",2020,14.871,6.818,25.825,99,100,82,"Urban, Urban",630632,54.586118,-5.9518885,1,"Belfast","NA"
"United Kingdom of Great Britain and Northern Ireland","Cambridge/GBR",2013,NA,NA,37.876,NA,NA,99,"Urban",154506,52.202385,0.124478,1,"Cambridge","East of England"
"United Kingdom of Great Britain and Northern Ireland","Canterbury/GBR",2013,NA,NA,14.541,NA,NA,97,"Urban",80561,51.273995,1.0980805,1,"Canterbury","South East"
"United Kingdom of Great Britain and Northern Ireland","Birmingham/GBR",2020,12.763,7.765,19.683,99,99,79,"Urban, Urban, Urban",1140525,52.464867,-1.874419333,1,"Birmingham","West Midlands"
"United Kingdom of Great Britain and Northern Ireland","Blackpool/GBR",2020,14.795,8.196,9.239,99,99,99,"Urban",138381,53.80489,-3.007175,1,"Blackpool","North West"
"United Kingdom of Great Britain and Northern Ireland","Bristol/GBR",2020,18.484,9.66,21.78,96,94,98,"Urban, Urban",686210,51.4604035,-2.5842285,1,"Bristol","South West"
"United Kingdom of Great Britain and Northern Ireland","Camden/GBR",2020,16.181,9.437,30.542,94,93,85,"Urban, Urban",279516,51.53325,-0.150579,1,"Camden","London"
"United Kingdom of Great Britain and Northern Ireland","Coventry/GBR",2013,NA,12.676,20.481,NA,58,84,"Urban",361364,52.3943995,-1.519606,1,"Coventry","West Midlands"
"United Kingdom of Great Britain and Northern Ireland","Cardiff/GBR",2020,15.37,7.447,17.703,92,87,91,"Urban, Urban",477627,51.48637,-3.1642775,1,"Cardiff","Wales"
"United Kingdom of Great Britain and Northern Ireland","Dumfries/GBR",2013,NA,NA,30.105,NA,NA,99,"Urban",33891,55.0700165,-3.6142165,1,"Dumfries","NA"
"United Kingdom of Great Britain and Northern Ireland","Carlisle/GBR",2020,16.378,8.395,18.972,93,97,99,"Urban",108524,54.894834,-2.945307,1,"Carlisle","North West"
"United Kingdom of Great Britain and Northern Ireland","Central Bedfordshire/GBR",2020,15.935,9.091,20.419,81,74,99,"Urban",294096,52.132417,-0.300306,1,"Central Bedfordshire","East of England"
"United Kingdom of Great Britain and Northern Ireland","Exeter/GBR",2013,NA,NA,31.817,NA,NA,99,"Urban",129672,50.7250915,-3.5324825,1,"Exeter","South West"
"United Kingdom of Great Britain and Northern Ireland","Chesterfield/GBR",2020,11.586,7.201,11.5,100,100,96,"Urban, Urban",104930,53.2379265,-1.455945,1,"Chesterfield","East Midlands"
"United Kingdom of Great Britain and Northern Ireland","Glasgow/GBR",2013,22.937,16.038,66.673,NA,NA,96,NA,1673332,55.85917,-4.258889,1,"Glasgow","NA"
"United Kingdom of Great Britain and Northern Ireland","Coventry/GBR",2020,14.292,7.272,19.163,98,100,98,"Urban, Urban",379387,52.4096355,-1.525155,1,"Coventry","West Midlands"
"United Kingdom of Great Britain and Northern Ireland","Derry And Strabane/GBR",2020,13.7,6.715,7.79,97,97,99,"Urban",151109,55.002818,-7.331179,1,"Derry And Strabane","NA"
"United Kingdom of Great Britain and Northern Ireland","Eastbourne/GBR",2020,14.491,8.708,9.582,98,98,51,"Urban",103324,50.805778,0.271611,1,"Eastbourne","South East"
"United Kingdom of Great Britain and Northern Ireland","Edinburgh/GBR",2020,8.051,4.448,20.385,99,99,81,"Urban, Urban",536775,55.9451745,-3.1830885,1,"Edinburgh","NA"
"United Kingdom of Great Britain and Northern Ireland","Glasgow/GBR",2020,9.071,4.942,23.412,99,99,99,"Urban, Urban, Urban, Urban",1673332,55.8644815,-4.2529175,1,"Glasgow","NA"
"United Kingdom of Great Britain and Northern Ireland","Highland/GBR",2020,7.84,4.271,12.737,96,96,93,"Urban",235430,57.481308,-4.241451,1,"Highland","NA"
"United Kingdom of Great Britain and Northern Ireland","Inverclyde/GBR",2020,9.55,4.851,20.534,100,100,98,"Urban",77060,55.944079,-4.734421,1,"Inverclyde","NA"
"United Kingdom of Great Britain and Northern Ireland","Kensington And Chelsea/GBR",2020,13.257,8.051,20.57,100,100,99,"Urban",156864,51.52105,-0.213492,1,"Kensington And Chelsea","London"
"United Kingdom of Great Britain and Northern Ireland","Lincoln/GBR",2013,NA,NA,43.06,NA,NA,99,"Urban",111892,53.2213865,-0.5341945,1,"Lincoln","East Midlands"
"United Kingdom of Great Britain and Northern Ireland","Kingston Upon Hull/GBR",2020,17.51,8.7,19.534,96,98,99,"Urban, Urban",320825,53.7538755,-0.3234855,1,"Kingston Upon Hull","Yorkshire and The Humber"
"United Kingdom of Great Britain and Northern Ireland","Leeds/GBR",2020,15.47,8.544,20.543,96,95,98,"Urban, Urban",798786,53.811876,-1.5614165,1,"Leeds","Yorkshire and The Humber"
"United Kingdom of Great Britain and Northern Ireland","Manchester/GBR",2013,NA,12.501,38.785,NA,NA,94,NA,2730076,53.48152,-2.237881,1,"Manchester","North West"
"United Kingdom of Great Britain and Northern Ireland","Leicester/GBR",2020,15.054,7.484,23.279,96,99,98,"Urban, Urban",552178,52.62925,-1.1257695,1,"Leicester","East Midlands"
"United Kingdom of Great Britain and Northern Ireland","Manchester/GBR",2020,14.537,8.242,27.077,96,96,99,"Urban",2730076,53.48152,-2.237881,1,"Manchester","North West"
"United Kingdom of Great Britain and Northern Ireland","Newcastle Upon Tyne/GBR",2013,12.644,10.383,42.545,NA,NA,92,NA,809481,54.98028875,-1.6067365,1,"Newcastle Upon Tyne","North East"
"United Kingdom of Great Britain and Northern Ireland","Medway/GBR",2020,22.002,10.887,18.544,96,90,98,"Urban",279142,51.374264,0.54797,1,"Medway","South East"
"United Kingdom of Great Britain and Northern Ireland","Monmouthshire/GBR",2020,16.521,9.382,26.21,96,87,99,"Urban",95164,51.638094,-2.678731,1,"Monmouthshire","Wales"
"United Kingdom of Great Britain and Northern Ireland","Nottingham/GBR",2013,21.269,12.235,37.044,NA,NA,96,NA,787610,52.95473,-1.146447,1,"Nottingham","East Midlands"
"United Kingdom of Great Britain and Northern Ireland","Newcastle Upon Tyne/GBR",2020,13.6,7.316,25.959,94,93,99,"Urban, Urban",809481,54.9823275,-1.602945,1,"Newcastle Upon Tyne","North East"
"United Kingdom of Great Britain and Northern Ireland","Newport/GBR",2020,13.296,7.951,14.951,96,96,98,"Urban",316371,51.601203,-2.977281,1,"Newport","Wales"
"United Kingdom of Great Britain and Northern Ireland","Norwich/GBR",2020,12.811,8.288,9.837,99,99,94,"Urban",142177,52.614193,1.301976,1,"Norwich","East of England"
"United Kingdom of Great Britain and Northern Ireland","Nottingham/GBR",2020,15.257,8.699,21.43,99,99,99,"Urban, Urban",787610,52.9620535,-1.167649,1,"Nottingham","East Midlands"
"United Kingdom of Great Britain and Northern Ireland","Preston/GBR",2013,NA,11.626,25.384,NA,85,92,"Urban",328158,53.76559333,-2.680368667,1,"Preston","North West"
"United Kingdom of Great Britain and Northern Ireland","Oxford/GBR",2020,10.753,6.722,19.365,100,100,100,"Urban, Urban",151584,51.7482755,-1.2588705,1,"Oxford","South East"
"United Kingdom of Great Britain and Northern Ireland","Plymouth/GBR",2020,15.656,9.216,14.55,97,92,98,"Urban, Urban",262839,50.391364,-4.1363245,1,"Plymouth","South West"
"United Kingdom of Great Britain and Northern Ireland","Portsmouth/GBR",2020,18.241,9.394,19.129,92,15,57,"Urban, Urban",214692,50.8135745,-1.0820705,1,"Portsmouth","South East"
"United Kingdom of Great Britain and Northern Ireland","Preston/GBR",2020,13.215,7.36,17.843,99,99,91,"Urban",328158,53.76559,-2.680353,1,"Preston","North West"
"United Kingdom of Great Britain and Northern Ireland","Southend On Sea/GBR",2013,NA,10.637,20.28,NA,88,95,"Urban",312328,51.544204,0.678405333,1,"Southend On Sea","East of England"
"United Kingdom of Great Britain and Northern Ireland","Reading/GBR",2020,17.259,8.491,16.668,95,93,94,"Urban, Urban",160337,51.453993,-0.9422245,1,"Reading","South East"
"United Kingdom of Great Britain and Northern Ireland","Salford/GBR",2020,14.204,8.329,20.361,100,100,100,"Urban",262697,53.48481,-2.334139,1,"Salford","North West"
"United Kingdom of Great Britain and Northern Ireland","Sheffield/GBR",2020,14.433,8.762,23.866,100,98,95,"Urban, Urban, Urban",730158,53.39805067,-1.44335,1,"Sheffield","Yorkshire and The Humber"
"United Kingdom of Great Britain and Northern Ireland","Sunderland/GBR",2013,NA,9.076,15.695,NA,91,84,"Urban",341366,54.88360667,-1.406885333,1,"Sunderland","North East"
"United Kingdom of Great Britain and Northern Ireland","Southampton/GBR",2020,16.147,8.993,24.821,95,99,89,"Urban, Urban",252872,50.9142025,-1.429631,1,"Southampton","South East"
"United Kingdom of Great Britain and Northern Ireland","Southend On Sea/GBR",2020,13.38,8.47,14.054,100,100,99,"Urban",312328,51.544206,0.678408,1,"Southend On Sea","East of England"
"United Kingdom of Great Britain and Northern Ireland","Stockton On Tees/GBR",2020,13.935,8.203,10.78,94,92,99,"Urban, Urban",197419,54.541243,-1.3372235,1,"Stockton On Tees","North East"
"United Kingdom of Great Britain and Northern Ireland","Stoke On Trent/GBR",2020,14.917,7.432,26.313,96,97,95,"Urban, Urban",386013,53.004323,-2.1435155,1,"Stoke On Trent","West Midlands"
"United Kingdom of Great Britain and Northern Ireland","Sunderland/GBR",2020,10.887,6.414,12.723,100,100,83,"Urban, Urban",341366,54.901,-1.4076345,1,"Sunderland","North East"
"United Kingdom of Great Britain and Northern Ireland","Swansea/GBR",2020,18.286,7.917,17.619,96,86,94,"Urban",311408,51.632696,-3.947374,1,"Swansea","Wales"
"United Kingdom of Great Britain and Northern Ireland","Thurrock/GBR",2020,17.642,11.557,20.241,88,97,99,"Urban, Urban",175531,51.4976185,0.3787585,1,"Thurrock","East of England"
"United Kingdom of Great Britain and Northern Ireland","Warwick/GBR",2020,11.228,6.927,12.831,100,100,98,"Urban, Urban",144909,52.291847,-1.538015,1,"Warwick","West Midlands"
"United Kingdom of Great Britain and Northern Ireland","Wigan/GBR",2013,NA,12.809,24.568,NA,NA,98,NA,305645,53.54914,-2.638139,1,"Wigan","North West"
"United Kingdom of Great Britain and Northern Ireland","Wigan/GBR",2020,13.052,7.984,15.412,100,100,100,"Urban",330712,53.54914,-2.638139,1,"Wigan","North West"
"United Kingdom of Great Britain and Northern Ireland","Wirral/GBR",2020,11.485,7.087,14.307,99,99,91,"Urban, Urban",324336,53.3806905,-3.023868,1,"Wirral","North West"
"United Kingdom of Great Britain and Northern Ireland","Aberdeen/GBR",2014,14.538,10.204,34.163,80,87,93,"Urban, Urban",228180,57.151,-2.1004,1,"Aberdeen","NA"
"United Kingdom of Great Britain and Northern Ireland","Alfriston/GBR",2014,NA,NA,7.521,NA,NA,65,"Rural",NA,50.7937,0.1813,1,"Alfriston","South East"
"United Kingdom of Great Britain and Northern Ireland","Armagh/GBR",2014,20.683,NA,28.408,39,NA,72,"Urban",NA,54.3537,-6.6546,1,"Armagh","NA"
"United Kingdom of Great Britain and Northern Ireland","Barnsley/GBR",2014,NA,NA,19.176,NA,NA,99,"Urban",244270,53.5629,-1.5104,1,"Barnsley","Yorkshire and The Humber"
"United Kingdom of Great Britain and Northern Ireland","Barnstaple/GBR",2014,16.012,9.081,NA,91,90,NA,"Urban",NA,51.0748,-4.0419,1,"Barnstaple","South West"
"United Kingdom of Great Britain and Northern Ireland","Bath and North East Somerset/GBR",2014,NA,NA,57.337,NA,NA,99,"Urban",190392,51.3911,-2.3542,1,"Bath and North East Somerset","South West"
"United Kingdom of Great Britain and Northern Ireland","Blackburn With Darwen/GBR",2014,NA,NA,23.621,NA,NA,42,"Urban, Urban",148857,53.73165,-2.46825,1,"Blackburn With Darwen","North West"
"United Kingdom of Great Britain and Northern Ireland","Blackpool/GBR",2014,NA,10.295,16.183,NA,68,97,"Urban",250412,53.8049,-3.0072,1,"Blackpool","North West"
"United Kingdom of Great Britain and Northern Ireland","Bournemouth/GBR",2014,NA,8.169,13.224,NA,85,86,"Urban",505687,50.7396,-1.8267,1,"Bournemouth","South West"
"United Kingdom of Great Britain and Northern Ireland","Brighton/GBR",2014,NA,9.56,NA,NA,98,NA,"Urban",353070,50.8408,-0.1476,1,"Brighton","South East"
"United Kingdom of Great Britain and Northern Ireland","Bristol/GBR",2014,16.865,13.147,28.172,93,58,94,"Urban",686210,51.4628,-2.5845,1,"Bristol","South West"
"United Kingdom of Great Britain and Northern Ireland","Cambridge/GBR",2014,NA,NA,38.624,NA,NA,93,"Urban",125339,52.2024,0.1245,1,"Cambridge","East of England"
"United Kingdom of Great Britain and Northern Ireland","Canterbury/GBR",2014,NA,NA,12.118,NA,NA,99,"Urban",NA,51.274,1.0981,1,"Canterbury","South East"
"United Kingdom of Great Britain and Northern Ireland","Cardiff/GBR",2014,15.918,11.649,24.799,94,96,98,"Urban",477627,51.4818,-3.1763,1,"Cardiff","Wales"
"United Kingdom of Great Britain and Northern Ireland","Carlisle/GBR",2014,15.778,11.324,26.92,73,76,79,"Urban",108331,54.8948,-2.9453,1,"Carlisle","North West"
"United Kingdom of Great Britain and Northern Ireland","Chesterfield/GBR",2014,18.651,12.737,24.934,66,66,64,"Urban, Urban",104604,53.23115,-1.44525,1,"Chesterfield","East Midlands"
"United Kingdom of Great Britain and Northern Ireland","Coventry/GBR",2014,NA,12.068,21.043,NA,44,45,"Urban, Urban",363467,52.403,-1.5399,1,"Coventry","West Midlands"
"United Kingdom of Great Britain and Northern Ireland","Derry And Strabane/GBR",2014,14.561,11.967,14.448,89,92,98,"Urban",150588,55.0012,-7.3291,1,"Derry And Strabane","NA"
"United Kingdom of Great Britain and Northern Ireland","Dumfries/GBR",2014,NA,NA,30.493,NA,NA,99,"Urban",NA,55.07,-3.6142,1,"Dumfries","NA"
"United Kingdom of Great Britain and Northern Ireland","Eastbourne/GBR",2014,19.175,12.235,12.119,76,76,81,"Urban",103206,50.8058,0.2716,1,"Eastbourne","South East"
"United Kingdom of Great Britain and Northern Ireland","Edinburgh/GBR",2014,12.82,9.102,19.133,70,66,72,"Urban",536775,55.9456,-3.1822,1,"Edinburgh","NA"
"United Kingdom of Great Britain and Northern Ireland","Exeter/GBR",2014,NA,NA,30.504,NA,NA,78,"Urban",129672,50.7251,-3.5325,1,"Exeter","South West"
"United Kingdom of Great Britain and Northern Ireland","Highland/GBR",2014,10.854,5.864,21.02,98,95,99,"Urban",NA,57.4813,-4.2415,1,"Highland","NA"
"United Kingdom of Great Britain and Northern Ireland","Kingston Upon Hull/GBR",2014,14.904,12.352,25.731,84,95,98,"Urban",320825,53.7488,-0.3412,1,"Kingston Upon Hull","Yorkshire and The Humber"
"United Kingdom of Great Britain and Northern Ireland","Leeds/GBR",2014,20.353,13.69,41.674,89,96,98,"Urban, Urban",787020,53.8119,-1.56145,1,"Leeds","Yorkshire and The Humber"
"United Kingdom of Great Britain and Northern Ireland","Leicester/GBR",2014,NA,13.307,26.912,NA,96,95,"Urban",552178,52.6198,-1.1273,1,"Leicester","East Midlands"
"United Kingdom of Great Britain and Northern Ireland","Lincoln/GBR",2014,NA,NA,38.332,NA,NA,98,"Urban",98739,53.2214,-0.5342,1,"Lincoln","East Midlands"
"United Kingdom of Great Britain and Northern Ireland","Liverpool/GBR",2014,14.468,9.591,26.548,86,77,82,"Urban, Urban, Urban",901708,53.3887,-2.943166667,1,"Liverpool","North West"
"United Kingdom of Great Britain and Northern Ireland","London/GBR",2014,23.916,13.977,44.931,69,86,87,"Urban, Suburban, Suburban, Urban, Urban, Urban, Urban, Urban, Urban, Urban, Urban, Urban, Urban, Urban, Urban, Urban, Urban",9304016,51.51042941,-0.176058824,1,"London","London"
"United Kingdom of Great Britain and Northern Ireland","Medway/GBR",2014,19.49,14.239,19.834,95,88,97,"Rural, Urban",277736,51.41525,0.59145,1,"Medway","South East"
"United Kingdom of Great Britain and Northern Ireland","Newport/GBR",2014,16.089,12.021,21.682,85,95,95,"Urban",316371,51.6012,-2.9773,1,"Newport","Wales"
"United Kingdom of Great Britain and Northern Ireland","Norwich/GBR",2014,15.572,12.017,13.783,92,88,99,"Urban",140745,52.6142,1.302,1,"Norwich","East of England"
"United Kingdom of Great Britain and Northern Ireland","Oxford/GBR",2014,15.342,9.609,34.39,36,73,98,"Urban, Urban",154455,51.74825,-1.2589,1,"Oxford","South East"
"United Kingdom of Great Britain and Northern Ireland","Plymouth/GBR",2014,17.435,11.73,22.341,90,75,99,"Urban",263085,50.3717,-4.1424,1,"Plymouth","South West"
"United Kingdom of Great Britain and Northern Ireland","Portsmouth/GBR",2014,18.474,14.145,20.222,59,92,74,"Urban",542040,50.8288,-1.0686,1,"Portsmouth","South East"
"United Kingdom of Great Britain and Northern Ireland","Preston/GBR",2014,NA,12.122,26.535,NA,78,87,"Urban",328158,53.7656,-2.6804,1,"Preston","North West"
"United Kingdom of Great Britain and Northern Ireland","Reading/GBR",2014,14.03,9.832,26.51,95,73,98,"Urban",329619,51.4531,-0.9441,1,"Reading","South East"
"United Kingdom of Great Britain and Northern Ireland","Sheffield/GBR",2014,21.383,12.331,31.436,75,90,97,"Urban, Urban",730158,53.3946,-1.4371,1,"Sheffield","Yorkshire and The Humber"
"United Kingdom of Great Britain and Northern Ireland","Southampton/GBR",2014,20.931,14.672,31.639,97,96,96,"Urban",383736,50.9081,-1.3958,1,"Southampton","South East"
"United Kingdom of Great Britain and Northern Ireland","Southend On Sea/GBR",2014,NA,11.807,19.4,NA,66,95,"Urban",312328,51.5442,0.6784,1,"Southend On Sea","East of England"
"United Kingdom of Great Britain and Northern Ireland","Stockton On Tees/GBR",2014,16.729,10.996,17.964,94,97,88,"Urban, Urban",196850,54.56105,-1.3168,1,"Stockton On Tees","North East"
"United Kingdom of Great Britain and Northern Ireland","Stoke On Trent/GBR",2014,18.256,13.354,28.098,87,91,96,"Urban",386013,53.0282,-2.1751,1,"Stoke On Trent","West Midlands"
"United Kingdom of Great Britain and Northern Ireland","Sunderland/GBR",2014,NA,10.246,16.257,NA,77,88,"Urban",341366,54.8836,-1.4069,1,"Sunderland","North East"
"United Kingdom of Great Britain and Northern Ireland","Swansea/GBR",2014,20.21,12.709,31.399,95,95,99,"Urban",311408,51.6327,-3.9474,1,"Swansea","Wales"
"United Kingdom of Great Britain and Northern Ireland","Thurrock/GBR",2014,19.24,14.229,26.352,95,92,99,"Urban, Urban",171460,51.49765,0.37875,1,"Thurrock","East of England"
"United Kingdom of Great Britain and Northern Ireland","Warwick/GBR",2014,15.344,12.052,20.351,79,96,89,"Urban, Urban",141383,52.29185,-1.538,1,"Warwick","West Midlands"
"United Kingdom of Great Britain and Northern Ireland","Wrexham/GBR",2014,14.06,9.343,21.05,93,90,94,"Urban",135849,53.0422,-3.0028,1,"Wrexham","Wales"
"United Kingdom of Great Britain and Northern Ireland","York/GBR",2014,16.706,12.998,26.479,97,98,94,"Urban, Urban",209028,53.9597,-1.0812,1,"York","Yorkshire and The Humber"
"United Kingdom of Great Britain and Northern Ireland","Aberdeen/GBR",2015,11.706,8.039,34.376,97,88,99,"Urban, Urban",228180,57.151,-2.1004,1,"Aberdeen","NA"
"United Kingdom of Great Britain and Northern Ireland","Alfriston/GBR",2015,NA,NA,7.011,NA,NA,67,"Rural",NA,50.7937,0.1813,1,"Alfriston","South East"
"United Kingdom of Great Britain and Northern Ireland","Armagh/GBR",2015,14.849,NA,27.52,50,NA,46,"Urban",NA,54.3537,-6.6546,1,"Armagh","NA"
"United Kingdom of Great Britain and Northern Ireland","Barnsley/GBR",2015,NA,NA,18.615,NA,NA,97,"Urban",244270,53.5629,-1.5104,1,"Barnsley","Yorkshire and The Humber"
"United Kingdom of Great Britain and Northern Ireland","Barnstaple/GBR",2015,17.717,9.588,NA,79,93,NA,"Urban",NA,51.0748,-4.0419,1,"Barnstaple","South West"
"United Kingdom of Great Britain and Northern Ireland","Bath and North East Somerset/GBR",2015,NA,NA,53.598,NA,NA,99,"Urban",190392,51.3911,-2.3542,1,"Bath and North East Somerset","South West"
"United Kingdom of Great Britain and Northern Ireland","Blackburn With Darwen/GBR",2015,NA,NA,27.529,NA,NA,87,"Urban",148857,53.7478,-2.4527,1,"Blackburn With Darwen","North West"
"United Kingdom of Great Britain and Northern Ireland","Blackpool/GBR",2015,NA,8.478,15.607,NA,88,95,"Urban",250412,53.8049,-3.0072,1,"Blackpool","North West"
"United Kingdom of Great Britain and Northern Ireland","Bournemouth/GBR",2015,NA,7.486,12.196,NA,99,99,"Urban",505687,50.7396,-1.8267,1,"Bournemouth","South West"
"United Kingdom of Great Britain and Northern Ireland","Bradford/GBR",2015,NA,NA,43.213,NA,NA,68,"Urban",535987,53.7712,-1.7598,1,"Bradford","Yorkshire and The Humber"
"United Kingdom of Great Britain and Northern Ireland","Brighton/GBR",2015,NA,9.318,14.622,NA,88,98,"Urban",353070,50.8408,-0.1476,1,"Brighton","South East"
"United Kingdom of Great Britain and Northern Ireland","Bristol/GBR",2015,14.91,10.247,26.271,91,94,93,"Urban",686210,51.4628,-2.5845,1,"Bristol","South West"
"United Kingdom of Great Britain and Northern Ireland","Cambridge/GBR",2015,NA,NA,33.929,NA,NA,95,"Urban",125339,52.2024,0.1245,1,"Cambridge","East of England"
"United Kingdom of Great Britain and Northern Ireland","Canterbury/GBR",2015,NA,NA,11.039,NA,NA,98,"Urban",NA,51.274,1.0981,1,"Canterbury","South East"
"United Kingdom of Great Britain and Northern Ireland","Cardiff/GBR",2015,16.006,9.559,26.777,85,85,80,"Urban",477627,51.4818,-3.1763,1,"Cardiff","Wales"
"United Kingdom of Great Britain and Northern Ireland","Carlisle/GBR",2015,17.284,10.163,25.103,86,85,80,"Urban",108331,54.8948,-2.9453,1,"Carlisle","North West"
"United Kingdom of Great Britain and Northern Ireland","Chesterfield/GBR",2015,15.444,9.093,17.106,87,78,80,"Urban, Urban",104604,53.2379,-1.45595,1,"Chesterfield","East Midlands"
"United Kingdom of Great Britain and Northern Ireland","Coventry/GBR",2015,NA,10.94,22.792,NA,93,99,"Urban",363467,52.4116,-1.5602,1,"Coventry","West Midlands"
"United Kingdom of Great Britain and Northern Ireland","Derry And Strabane/GBR",2015,15.99,11.753,15.877,93,96,76,"Urban",150588,55.0012,-7.3291,1,"Derry And Strabane","NA"
"United Kingdom of Great Britain and Northern Ireland","Doncaster/GBR",2015,NA,NA,27.276,NA,NA,65,"Urban",309741,53.5182,-1.1381,1,"Doncaster","Yorkshire and The Humber"
"United Kingdom of Great Britain and Northern Ireland","Dumfries/GBR",2015,NA,NA,30.143,NA,NA,98,"Urban",NA,55.07,-3.6142,1,"Dumfries","NA"
"United Kingdom of Great Britain and Northern Ireland","Eastbourne/GBR",2015,18.072,10.378,10.588,77,67,99,"Urban",103206,50.8058,0.2716,1,"Eastbourne","South East"
"United Kingdom of Great Britain and Northern Ireland","Edinburgh/GBR",2015,10.485,6.387,NA,93,86,NA,"Urban",536775,55.9456,-3.1822,1,"Edinburgh","NA"
"United Kingdom of Great Britain and Northern Ireland","Exeter/GBR",2015,NA,NA,29.059,NA,NA,99,"Urban",129672,50.7251,-3.5325,1,"Exeter","South West"
"United Kingdom of Great Britain and Northern Ireland","Halton/GBR",2015,NA,NA,34.671,NA,NA,47,"Urban",128014,53.3654,-2.7317,1,"Halton","North West"
"United Kingdom of Great Britain and Northern Ireland","Highland/GBR",2015,9.293,4.767,27.499,95,94,74,"Urban",NA,57.4813,-4.2415,1,"Highland","NA"
"United Kingdom of Great Britain and Northern Ireland","Kingston Upon Hull/GBR",2015,15.912,10.878,27.733,82,92,98,"Urban, Urban",320825,53.7539,-0.32345,1,"Kingston Upon Hull","Yorkshire and The Humber"
"United Kingdom of Great Britain and Northern Ireland","Leeds/GBR",2015,17.36,11.973,35.73,95,94,99,"Urban, Urban",787020,53.8119,-1.56145,1,"Leeds","Yorkshire and The Humber"
"United Kingdom of Great Britain and Northern Ireland","Leicester/GBR",2015,21.606,12.019,33.414,31,97,79,"Urban, Urban",552178,52.62925,-1.12575,1,"Leicester","East Midlands"
"United Kingdom of Great Britain and Northern Ireland","Lincoln/GBR",2015,NA,NA,33.521,NA,NA,99,"Urban",98739,53.2214,-0.5342,1,"Lincoln","East Midlands"
"United Kingdom of Great Britain and Northern Ireland","Liverpool/GBR",2015,13.94,8.179,25.433,94,96,93,"Urban, Urban, Urban",901708,53.3887,-2.943166667,1,"Liverpool","North West"
"United Kingdom of Great Britain and Northern Ireland","London/GBR",2015,21.38,11.284,41.156,81,92,94,"Urban, Suburban, Suburban, Urban, Urban, Urban, Urban, Urban, Urban, Urban, Urban, Urban, Urban, Urban, Urban, Urban, Urban",9304016,51.51042941,-0.176058824,1,"London","London"
"United Kingdom of Great Britain and Northern Ireland","Luton/GBR",2015,NA,NA,44.563,NA,NA,80,"Urban",214384,51.8923,-0.4621,1,"Luton","East of England"
"United Kingdom of Great Britain and Northern Ireland","Medway/GBR",2015,16.53,10.274,18.118,89,93,97,"Rural, Urban",277736,51.41525,0.59145,1,"Medway","South East"
"United Kingdom of Great Britain and Northern Ireland","Newport/GBR",2015,15.535,9.568,20.766,67,95,86,"Urban",316371,51.6012,-2.9773,1,"Newport","Wales"
"United Kingdom of Great Britain and Northern Ireland","Norwich/GBR",2015,15.469,11.945,12.294,88,91,86,"Urban",140745,52.6142,1.302,1,"Norwich","East of England"
"United Kingdom of Great Britain and Northern Ireland","Oxford/GBR",2015,13.116,10.111,31.487,89,89,98,"Urban, Urban",154455,51.74825,-1.2589,1,"Oxford","South East"
"United Kingdom of Great Britain and Northern Ireland","Plymouth/GBR",2015,17.923,11.331,18.774,92,74,99,"Urban",263085,50.3717,-4.1424,1,"Plymouth","South West"
"United Kingdom of Great Britain and Northern Ireland","Portsmouth/GBR",2015,16.146,10.396,18.769,74,93,93,"Urban",542040,50.8288,-1.0686,1,"Portsmouth","South East"
"United Kingdom of Great Britain and Northern Ireland","Preston/GBR",2015,NA,9.954,21.955,NA,89,99,"Urban",328158,53.7656,-2.6804,1,"Preston","North West"
"United Kingdom of Great Britain and Northern Ireland","Reading/GBR",2015,12.467,7.421,22.224,95,95,97,"Urban",329619,51.4531,-0.9441,1,"Reading","South East"
"United Kingdom of Great Britain and Northern Ireland","Sheffield/GBR",2015,18.164,9.287,29.252,47,58,80,"Urban, Urban",730158,53.3946,-1.4371,1,"Sheffield","Yorkshire and The Humber"
"United Kingdom of Great Britain and Northern Ireland","Southampton/GBR",2015,16.451,9.96,31.961,90,89,93,"Urban",383736,50.9081,-1.3958,1,"Southampton","South East"
"United Kingdom of Great Britain and Northern Ireland","Southend On Sea/GBR",2015,NA,10.624,18.112,NA,96,98,"Urban",312328,51.5442,0.6784,1,"Southend On Sea","East of England"
"United Kingdom of Great Britain and Northern Ireland","Stockton On Tees/GBR",2015,15.837,10.81,16.837,96,97,87,"Urban, Urban, Urban",196850,54.56263333,-1.3165,1,"Stockton On Tees","North East"
"United Kingdom of Great Britain and Northern Ireland","Stoke On Trent/GBR",2015,17.569,11.691,44.685,37,93,77,"Urban, Urban",386013,53.0043,-2.1435,1,"Stoke On Trent","West Midlands"
"United Kingdom of Great Britain and Northern Ireland","Sunderland/GBR",2015,NA,7.104,19.474,NA,95,85,"Urban, Urban",341366,54.901,-1.40765,1,"Sunderland","North East"
"United Kingdom of Great Britain and Northern Ireland","Swansea/GBR",2015,20.22,12.781,27.43,97,97,99,"Urban",311408,51.6327,-3.9474,1,"Swansea","Wales"
"United Kingdom of Great Britain and Northern Ireland","Thurrock/GBR",2015,17.101,9.844,24.614,82,97,98,"Urban, Urban",171460,51.49765,0.37875,1,"Thurrock","East of England"
"United Kingdom of Great Britain and Northern Ireland","Warwick/GBR",2015,15.259,11.825,19.754,96,91,99,"Urban, Urban",141383,52.29185,-1.538,1,"Warwick","West Midlands"
"United Kingdom of Great Britain and Northern Ireland","Wrexham/GBR",2015,13.258,8.021,19.001,96,90,99,"Urban",135849,53.0422,-3.0028,1,"Wrexham","Wales"
"United Kingdom of Great Britain and Northern Ireland","York/GBR",2015,16.507,11.107,27.346,96,92,96,"Urban, Urban",209028,53.9597,-1.0812,1,"York","Yorkshire and The Humber"
"United Kingdom of Great Britain and Northern Ireland","Aberdeen/GBR",2016,11.761,5.372,36.7,96,95,94,"Urban, Urban, Urban",228180,57.1453,-2.098333333,1,"Aberdeen","NA"
"United Kingdom of Great Britain and Northern Ireland","Alfriston/GBR",2016,NA,NA,7.774,NA,NA,96,"Rural",NA,50.7937,0.1813,1,"Alfriston","South East"
"United Kingdom of Great Britain and Northern Ireland","Armagh/GBR",2016,18.218,NA,21.387,70,NA,89,"Urban",NA,54.3537,-6.6546,1,"Armagh","NA"
"United Kingdom of Great Britain and Northern Ireland","Ballymena/GBR",2016,NA,NA,14.594,NA,NA,66,"Urban",NA,54.8616,-6.2509,1,"Ballymena","NA"
"United Kingdom of Great Britain and Northern Ireland","Barnsley/GBR",2016,NA,NA,18.979,NA,NA,99,"Urban",244270,53.5629,-1.5104,1,"Barnsley","Yorkshire and The Humber"
"United Kingdom of Great Britain and Northern Ireland","Barnstaple/GBR",2016,16.95,10.701,NA,86,91,NA,"Urban",NA,51.0748,-4.0419,1,"Barnstaple","South West"
"United Kingdom of Great Britain and Northern Ireland","Bath and North East Somerset/GBR",2016,NA,NA,48.074,NA,NA,96,"Urban",190392,51.3911,-2.3542,1,"Bath and North East Somerset","South West"
"United Kingdom of Great Britain and Northern Ireland","Blackburn With Darwen/GBR",2016,NA,NA,34.343,NA,NA,72,"Urban",148857,53.7478,-2.4527,1,"Blackburn With Darwen","North West"
"United Kingdom of Great Britain and Northern Ireland","Blackpool/GBR",2016,NA,7.837,16.079,NA,94,96,"Urban",250412,53.8049,-3.0072,1,"Blackpool","North West"
"United Kingdom of Great Britain and Northern Ireland","Bournemouth/GBR",2016,NA,7.489,21.73,NA,96,65,"Urban, Urban",505687,50.73755,-1.8038,1,"Bournemouth","South West"
"United Kingdom of Great Britain and Northern Ireland","Bradford/GBR",2016,NA,NA,46.083,NA,NA,98,"Urban",535987,53.7712,-1.7598,1,"Bradford","Yorkshire and The Humber"
"United Kingdom of Great Britain and Northern Ireland","Brighton/GBR",2016,NA,9.019,17.168,NA,87,89,"Urban",353070,50.8408,-0.1476,1,"Brighton","South East"
"United Kingdom of Great Britain and Northern Ireland","Bristol/GBR",2016,15.418,11.661,27.368,95,86,99,"Urban",686210,51.4628,-2.5845,1,"Bristol","South West"
"United Kingdom of Great Britain and Northern Ireland","Cambridge/GBR",2016,NA,NA,31.833,NA,NA,92,"Urban",125339,52.2024,0.1245,1,"Cambridge","East of England"
"United Kingdom of Great Britain and Northern Ireland","Cannock Chase/GBR",2016,NA,NA,26.906,NA,NA,37,"Urban",99618,52.6873,-1.9808,1,"Cannock Chase","West Midlands"
"United Kingdom of Great Britain and Northern Ireland","Canterbury/GBR",2016,NA,NA,14.318,NA,NA,99,"Urban",NA,51.274,1.0981,1,"Canterbury","South East"
"United Kingdom of Great Britain and Northern Ireland","Cardiff/GBR",2016,18.761,9.662,23.287,47,94,98,"Urban",477627,51.4818,-3.1763,1,"Cardiff","Wales"
"United Kingdom of Great Britain and Northern Ireland","Carlisle/GBR",2016,14.129,9.89,25.619,65,65,70,"Urban",108331,54.8948,-2.9453,1,"Carlisle","North West"
"United Kingdom of Great Britain and Northern Ireland","Chesterfield/GBR",2016,16.211,10.765,18.472,94,94,82,"Urban, Urban",104604,53.2379,-1.45595,1,"Chesterfield","East Midlands"
"United Kingdom of Great Britain and Northern Ireland","Coventry/GBR",2016,NA,10.375,22.559,NA,97,99,"Urban",363467,52.4116,-1.5602,1,"Coventry","West Midlands"
"United Kingdom of Great Britain and Northern Ireland","Derry And Strabane/GBR",2016,15.366,11.754,14.845,39,43,46,"Urban, Urban",150588,55.002,-7.33015,1,"Derry And Strabane","NA"
"United Kingdom of Great Britain and Northern Ireland","Doncaster/GBR",2016,NA,NA,29.344,NA,NA,99,"Urban",309741,53.5182,-1.1381,1,"Doncaster","Yorkshire and The Humber"
"United Kingdom of Great Britain and Northern Ireland","Dumfries/GBR",2016,NA,NA,30.928,NA,NA,95,"Urban",NA,55.07,-3.6142,1,"Dumfries","NA"
"United Kingdom of Great Britain and Northern Ireland","Eastbourne/GBR",2016,17.777,12.707,12.252,95,74,99,"Urban",103206,50.8058,0.2716,1,"Eastbourne","South East"
"United Kingdom of Great Britain and Northern Ireland","Edinburgh/GBR",2016,10.705,6.35,20.122,79,92,64,"Urban",536775,55.9456,-3.1822,1,"Edinburgh","NA"
"United Kingdom of Great Britain and Northern Ireland","Exeter/GBR",2016,NA,NA,30.254,NA,NA,95,"Urban",129672,50.7251,-3.5325,1,"Exeter","South West"
"United Kingdom of Great Britain and Northern Ireland","Halton/GBR",2016,NA,NA,43.823,NA,NA,91,"Urban",128014,53.3654,-2.7317,1,"Halton","North West"
"United Kingdom of Great Britain and Northern Ireland","Highland/GBR",2016,8.563,4.747,23.904,90,98,99,"Urban",NA,57.4813,-4.2415,1,"Highland","NA"
"United Kingdom of Great Britain and Northern Ireland","Inverclyde/GBR",2016,NA,NA,26.216,NA,NA,66,"Urban",78455,55.9441,-4.7344,1,"Inverclyde","NA"
"United Kingdom of Great Britain and Northern Ireland","Kingston Upon Hull/GBR",2016,16.5,11.243,26.464,92,95,99,"Urban, Urban",320825,53.7539,-0.32345,1,"Kingston Upon Hull","Yorkshire and The Humber"
"United Kingdom of Great Britain and Northern Ireland","Leeds/GBR",2016,17.903,10.386,36.422,97,98,99,"Urban, Urban",787020,53.8119,-1.56145,1,"Leeds","Yorkshire and The Humber"
"United Kingdom of Great Britain and Northern Ireland","Leicester/GBR",2016,21.545,11.551,34.889,95,94,99,"Urban, Urban",552178,52.62925,-1.12575,1,"Leicester","East Midlands"
"United Kingdom of Great Britain and Northern Ireland","Lincoln/GBR",2016,NA,NA,37.742,NA,NA,99,"Urban",98739,53.2214,-0.5342,1,"Lincoln","East Midlands"
"United Kingdom of Great Britain and Northern Ireland","Liverpool/GBR",2016,15.148,8.969,27.138,91,93,77,"Urban, Urban, Urban, Urban",901708,53.38865,-2.963625,1,"Liverpool","North West"
"United Kingdom of Great Britain and Northern Ireland","London/GBR",2016,21.143,11.535,42.272,92,84,90,"Urban, Suburban, Suburban, Urban, Urban, Urban, Urban, Urban, Urban, Urban, Urban, Urban, Urban, Urban, Urban, Urban, Urban",9304016,51.51042941,-0.176058824,1,"London","London"
"United Kingdom of Great Britain and Northern Ireland","Luton/GBR",2016,NA,NA,49.751,NA,NA,99,"Urban",214384,51.8923,-0.4621,1,"Luton","East of England"
"United Kingdom of Great Britain and Northern Ireland","Medway/GBR",2016,17.45,11.413,19.51,89,81,96,"Rural, Urban",277736,51.41525,0.59145,1,"Medway","South East"
"United Kingdom of Great Britain and Northern Ireland","Newport/GBR",2016,15.642,10.184,21.96,90,95,94,"Urban",316371,51.6012,-2.9773,1,"Newport","Wales"
"United Kingdom of Great Britain and Northern Ireland","Norwich/GBR",2016,15.674,10.883,14.123,76,78,91,"Urban",140745,52.6142,1.302,1,"Norwich","East of England"
"United Kingdom of Great Britain and Northern Ireland","Oxford/GBR",2016,15.066,14.18,34.021,20,12,61,"Urban, Urban",154455,51.74825,-1.2589,1,"Oxford","South East"
"United Kingdom of Great Britain and Northern Ireland","Plymouth/GBR",2016,15.375,10.704,21.877,93,88,99,"Urban",263085,50.3717,-4.1424,1,"Plymouth","South West"
"United Kingdom of Great Britain and Northern Ireland","Portsmouth/GBR",2016,18.151,11.626,20.045,67,91,94,"Urban",542040,50.8288,-1.0686,1,"Portsmouth","South East"
"United Kingdom of Great Britain and Northern Ireland","Preston/GBR",2016,NA,9.758,23.557,NA,96,98,"Urban",328158,53.7656,-2.6804,1,"Preston","North West"
"United Kingdom of Great Britain and Northern Ireland","Reading/GBR",2016,15.853,8.742,31.999,80,88,76,"Urban, Urban",329619,51.454,-0.94225,1,"Reading","South East"
"United Kingdom of Great Britain and Northern Ireland","Sheffield/GBR",2016,17.636,9.504,31.908,92,94,79,"Urban, Urban, Urban",730158,53.39803333,-1.443333333,1,"Sheffield","Yorkshire and The Humber"
"United Kingdom of Great Britain and Northern Ireland","Southampton/GBR",2016,19.233,10.684,38.683,49,39,70,"Urban, Urban",383736,50.9142,-1.42965,1,"Southampton","South East"
"United Kingdom of Great Britain and Northern Ireland","Southend On Sea/GBR",2016,NA,11.727,20.502,NA,90,96,"Urban",312328,51.5442,0.6784,1,"Southend On Sea","East of England"
"United Kingdom of Great Britain and Northern Ireland","Stockton On Tees/GBR",2016,16.061,9.275,18.418,70,84,98,"Urban, Urban, Urban",196850,54.56263333,-1.3165,1,"Stockton On Tees","North East"
"United Kingdom of Great Britain and Northern Ireland","Stoke On Trent/GBR",2016,20.437,11.667,44.304,95,96,99,"Urban, Urban",386013,53.0043,-2.1435,1,"Stoke On Trent","West Midlands"
"United Kingdom of Great Britain and Northern Ireland","Sunderland/GBR",2016,NA,8.026,19.067,NA,93,95,"Urban, Urban",341366,54.901,-1.40765,1,"Sunderland","North East"
"United Kingdom of Great Britain and Northern Ireland","Swansea/GBR",2016,19.14,13.367,30.361,96,95,99,"Urban",311408,51.6327,-3.9474,1,"Swansea","Wales"
"United Kingdom of Great Britain and Northern Ireland","Thurrock/GBR",2016,18.663,13.408,27.386,89,91,98,"Urban, Urban",171460,51.49765,0.37875,1,"Thurrock","East of England"
"United Kingdom of Great Britain and Northern Ireland","Warwick/GBR",2016,15.529,10.103,20.905,95,96,97,"Urban, Urban",141383,52.29185,-1.538,1,"Warwick","West Midlands"
"United Kingdom of Great Britain and Northern Ireland","Wrexham/GBR",2016,12.231,7.843,18.832,96,93,84,"Urban",135849,53.0422,-3.0028,1,"Wrexham","Wales"
"United Kingdom of Great Britain and Northern Ireland","York/GBR",2016,15.639,10.877,23.786,94,89,66,"Urban, Urban",209028,53.9597,-1.0812,1,"York","Yorkshire and The Humber"
"United Kingdom of Great Britain and Northern Ireland","Aberdeen/GBR",2017,11.412,5.781,33.814,96,96,96,"Urban, Urban, Urban",228180,57.1453,-2.098333333,1,"Aberdeen","NA"
"United Kingdom of Great Britain and Northern Ireland","Alfriston/GBR",2017,NA,NA,7.734,NA,NA,98,"Rural",NA,50.7937,0.1813,1,"Alfriston","South East"
"United Kingdom of Great Britain and Northern Ireland","Armagh/GBR",2017,14.459,NA,23.919,97,NA,96,"Urban",NA,54.3537,-6.6546,1,"Armagh","NA"
"United Kingdom of Great Britain and Northern Ireland","Ballymena/GBR",2017,NA,NA,18.117,NA,NA,81,"Urban, Urban",NA,54.85655,-6.26295,1,"Ballymena","NA"
"United Kingdom of Great Britain and Northern Ireland","Barnsley/GBR",2017,NA,NA,16.077,NA,NA,98,"Urban",244270,53.5629,-1.5104,1,"Barnsley","Yorkshire and The Humber"
"United Kingdom of Great Britain and Northern Ireland","Barnstaple/GBR",2017,16.794,9.153,NA,40,44,NA,"Urban",NA,51.0748,-4.0419,1,"Barnstaple","South West"
"United Kingdom of Great Britain and Northern Ireland","Bath and North East Somerset/GBR",2017,NA,NA,44.775,NA,NA,99,"Urban",190392,51.3911,-2.3542,1,"Bath and North East Somerset","South West"
"United Kingdom of Great Britain and Northern Ireland","Blackburn With Darwen/GBR",2017,NA,NA,21.189,NA,NA,98,"Urban",148857,53.7478,-2.4527,1,"Blackburn With Darwen","North West"
"United Kingdom of Great Britain and Northern Ireland","Blackpool/GBR",2017,NA,7.341,12.685,NA,98,97,"Urban",250412,53.8049,-3.0072,1,"Blackpool","North West"
"United Kingdom of Great Britain and Northern Ireland","Bournemouth/GBR",2017,NA,10.751,16.662,NA,52,97,"Urban, Urban",505687,50.73755,-1.8038,1,"Bournemouth","South West"
"United Kingdom of Great Britain and Northern Ireland","Bradford/GBR",2017,NA,NA,42.377,NA,NA,95,"Urban",535987,53.7712,-1.7598,1,"Bradford","Yorkshire and The Humber"
"United Kingdom of Great Britain and Northern Ireland","Brighton/GBR",2017,NA,8.915,16.986,NA,94,98,"Urban",353070,50.8408,-0.1476,1,"Brighton","South East"
"United Kingdom of Great Britain and Northern Ireland","Bristol/GBR",2017,18.197,9.653,30.76,55,89,87,"Urban, Urban",686210,51.4604,-2.58425,1,"Bristol","South West"
"United Kingdom of Great Britain and Northern Ireland","Cambridge/GBR",2017,NA,NA,29.308,NA,NA,97,"Urban",125339,52.2024,0.1245,1,"Cambridge","East of England"
"United Kingdom of Great Britain and Northern Ireland","Cannock Chase/GBR",2017,NA,NA,22.705,NA,NA,90,"Urban",99618,52.6873,-1.9808,1,"Cannock Chase","West Midlands"
"United Kingdom of Great Britain and Northern Ireland","Canterbury/GBR",2017,NA,NA,14.9,NA,NA,99,"Urban",NA,51.274,1.0981,1,"Canterbury","South East"
"United Kingdom of Great Britain and Northern Ireland","Cardiff/GBR",2017,15.905,9.084,20.244,91,93,99,"Urban",477627,51.4818,-3.1763,1,"Cardiff","Wales"
"United Kingdom of Great Britain and Northern Ireland","Carlisle/GBR",2017,14.593,8.584,23.253,95,98,96,"Urban",108331,54.8948,-2.9453,1,"Carlisle","North West"
"United Kingdom of Great Britain and Northern Ireland","Chesterfield/GBR",2017,13.146,8.743,16.207,90,97,75,"Urban, Urban",104604,53.2379,-1.45595,1,"Chesterfield","East Midlands"
"United Kingdom of Great Britain and Northern Ireland","Coventry/GBR",2017,15.313,11.381,26.651,73,96,86,"Urban, Urban",363467,52.40965,-1.52515,1,"Coventry","West Midlands"
"United Kingdom of Great Britain and Northern Ireland","Derby/GBR",2017,NA,NA,36.862,NA,NA,94,"Urban",257104,52.923,-1.4695,1,"Derby","East Midlands"
"United Kingdom of Great Britain and Northern Ireland","Derry And Strabane/GBR",2017,11.112,8.019,8.388,92,96,98,"Urban",150588,55.0028,-7.3312,1,"Derry And Strabane","NA"
"United Kingdom of Great Britain and Northern Ireland","Doncaster/GBR",2017,NA,NA,25.706,NA,NA,99,"Urban",309741,53.5182,-1.1381,1,"Doncaster","Yorkshire and The Humber"
"United Kingdom of Great Britain and Northern Ireland","Dumfries/GBR",2017,NA,NA,30.282,NA,NA,98,"Urban",NA,55.07,-3.6142,1,"Dumfries","NA"
"United Kingdom of Great Britain and Northern Ireland","Dundee/GBR",2017,NA,NA,14.611,NA,NA,25,"Urban",148730,56.4754,-2.9599,1,"Dundee","NA"
"United Kingdom of Great Britain and Northern Ireland","Eastbourne/GBR",2017,NA,11.344,12.337,NA,96,99,"Urban",103206,50.8058,0.2716,1,"Eastbourne","South East"
"United Kingdom of Great Britain and Northern Ireland","Edinburgh/GBR",2017,10.057,6.637,36.928,85,95,52,"Urban, Urban",536775,55.9452,-3.1831,1,"Edinburgh","NA"
"United Kingdom of Great Britain and Northern Ireland","Exeter/GBR",2017,NA,NA,27.685,NA,NA,95,"Urban",129672,50.7251,-3.5325,1,"Exeter","South West"
"United Kingdom of Great Britain and Northern Ireland","Halton/GBR",2017,NA,NA,34.71,NA,NA,85,"Urban",128014,53.3654,-2.7317,1,"Halton","North West"
"United Kingdom of Great Britain and Northern Ireland","Hartlepool/GBR",2017,NA,NA,19.523,NA,NA,21,"Urban",93131,54.6832,-1.2038,1,"Hartlepool","North East"
"United Kingdom of Great Britain and Northern Ireland","Highland/GBR",2017,9.712,4.28,20.12,93,96,97,"Urban",NA,57.4813,-4.2415,1,"Highland","NA"
"United Kingdom of Great Britain and Northern Ireland","Inverclyde/GBR",2017,10.072,5.257,27.838,100,100,83,"Urban",78455,55.9441,-4.7344,1,"Inverclyde","NA"
"United Kingdom of Great Britain and Northern Ireland","Kingston Upon Hull/GBR",2017,20.468,10.221,26.338,82,96,99,"Urban, Urban",320825,53.7539,-0.32345,1,"Kingston Upon Hull","Yorkshire and The Humber"
"United Kingdom of Great Britain and Northern Ireland","Leeds/GBR",2017,15.781,9.939,33.381,96,97,99,"Urban, Urban",787020,53.8119,-1.56145,1,"Leeds","Yorkshire and The Humber"
"United Kingdom of Great Britain and Northern Ireland","Leicester/GBR",2017,21.264,10.592,33.258,93,98,99,"Urban, Urban",552178,52.62925,-1.12575,1,"Leicester","East Midlands"
"United Kingdom of Great Britain and Northern Ireland","Lincoln/GBR",2017,NA,NA,31.887,NA,NA,99,"Urban",98739,53.2214,-0.5342,1,"Lincoln","East Midlands"
"United Kingdom of Great Britain and Northern Ireland","Liverpool/GBR",2017,13.897,7.694,23.012,90,96,99,"Urban, Urban, Urban, Urban",901708,53.389875,-2.908525,1,"Liverpool","North West"
"United Kingdom of Great Britain and Northern Ireland","London/GBR",2017,20.076,12.012,40.505,93,86,97,"Urban, Suburban, Suburban, Urban, Urban, Urban, Urban, Urban, Urban, Urban, Urban, Urban, Urban, Urban, Urban, Urban",9304016,51.51601875,-0.1658375,1,"London","London"
"United Kingdom of Great Britain and Northern Ireland","Luton/GBR",2017,NA,NA,44.434,NA,NA,97,"Urban",214384,51.8923,-0.4621,1,"Luton","East of England"
"United Kingdom of Great Britain and Northern Ireland","Medway/GBR",2017,19.075,11.907,20.087,94,93,97,"Rural, Urban",277736,51.41525,0.59145,1,"Medway","South East"
"United Kingdom of Great Britain and Northern Ireland","Newport/GBR",2017,14.912,11.783,19.518,51,54,52,"Urban",316371,51.6012,-2.9773,1,"Newport","Wales"
"United Kingdom of Great Britain and Northern Ireland","Norwich/GBR",2017,15.816,12.032,13.277,95,96,99,"Urban",140745,52.6142,1.302,1,"Norwich","East of England"
"United Kingdom of Great Britain and Northern Ireland","Oxford/GBR",2017,12.536,10.853,26.881,92,87,96,"Urban, Urban",154455,51.74825,-1.2589,1,"Oxford","South East"
"United Kingdom of Great Britain and Northern Ireland","Plymouth/GBR",2017,14.205,9.161,19.758,94,95,94,"Urban, Urban",263085,50.3914,-4.13635,1,"Plymouth","South West"
"United Kingdom of Great Britain and Northern Ireland","Portsmouth/GBR",2017,14.615,11.145,19.188,82,75,98,"Urban",542040,50.8288,-1.0686,1,"Portsmouth","South East"
"United Kingdom of Great Britain and Northern Ireland","Preston/GBR",2017,NA,8.648,20.195,NA,94,98,"Urban",328158,53.7656,-2.6804,1,"Preston","North West"
"United Kingdom of Great Britain and Northern Ireland","Reading/GBR",2017,14.43,9.666,28.838,96,94,97,"Urban, Urban",329619,51.454,-0.94225,1,"Reading","South East"
"United Kingdom of Great Britain and Northern Ireland","Sheffield/GBR",2017,16.095,11.058,28.967,96,56,98,"Urban, Urban, Urban",730158,53.39803333,-1.443333333,1,"Sheffield","Yorkshire and The Humber"
"United Kingdom of Great Britain and Northern Ireland","Southampton/GBR",2017,18.137,11.152,34.731,88,89,96,"Urban, Urban",383736,50.9142,-1.42965,1,"Southampton","South East"
"United Kingdom of Great Britain and Northern Ireland","Southend On Sea/GBR",2017,NA,12.304,20.169,NA,85,98,"Urban",312328,51.5442,0.6784,1,"Southend On Sea","East of England"
"United Kingdom of Great Britain and Northern Ireland","Stockton On Tees/GBR",2017,14.103,8.27,15.53,97,98,99,"Urban, Urban, Urban",196850,54.56263333,-1.3165,1,"Stockton On Tees","North East"
"United Kingdom of Great Britain and Northern Ireland","Stoke On Trent/GBR",2017,18.363,8.659,41.051,95,94,99,"Urban, Urban",386013,53.0043,-2.1435,1,"Stoke On Trent","West Midlands"
"United Kingdom of Great Britain and Northern Ireland","Sunderland/GBR",2017,NA,7.181,17.926,NA,95,87,"Urban, Urban",341366,54.901,-1.40765,1,"Sunderland","North East"
"United Kingdom of Great Britain and Northern Ireland","Swansea/GBR",2017,18.901,14.656,24.408,94,95,99,"Urban",311408,51.6327,-3.9474,1,"Swansea","Wales"
"United Kingdom of Great Britain and Northern Ireland","Telford And Wrekin/GBR",2017,NA,NA,19.4,NA,NA,16,"Urban",176784,52.6735,-2.4367,1,"Telford And Wrekin","West Midlands"
"United Kingdom of Great Britain and Northern Ireland","Thurrock/GBR",2017,18.369,11.053,28.249,92,90,98,"Urban, Urban",171460,51.49765,0.37875,1,"Thurrock","East of England"
"United Kingdom of Great Britain and Northern Ireland","Warwick/GBR",2017,15.639,10.826,20.39,97,97,99,"Urban, Urban",141383,52.29185,-1.538,1,"Warwick","West Midlands"
"United Kingdom of Great Britain and Northern Ireland","Worthing/GBR",2017,NA,NA,40.086,NA,NA,99,"Urban",109829,50.8329,-0.3799,1,"Worthing","South East"
"United Kingdom of Great Britain and Northern Ireland","Wrexham/GBR",2017,11.501,6.56,16.471,96,94,94,"Urban",135849,53.0422,-3.0028,1,"Wrexham","Wales"
"United Kingdom of Great Britain and Northern Ireland","York/GBR",2017,14.848,10.078,21.309,88,86,92,"Urban, Urban",209028,53.9597,-1.0812,1,"York","Yorkshire and The Humber"
"United Kingdom of Great Britain and Northern Ireland","Aberdeen/GBR",2018,14.284,6.871,32.603,96,98,99,"Urban, Urban, Urban",228180,57.1453,-2.098333333,1,"Aberdeen","NA"
"United Kingdom of Great Britain and Northern Ireland","Alfriston/GBR",2018,NA,NA,7.561,NA,NA,99,"Rural",NA,50.7937,0.1813,1,"Alfriston","South East"
"United Kingdom of Great Britain and Northern Ireland","Armagh/GBR",2018,18.586,NA,25.196,95,NA,94,"Urban",NA,54.3537,-6.6546,1,"Armagh","NA"
"United Kingdom of Great Britain and Northern Ireland","Ballymena/GBR",2018,NA,NA,18.541,NA,NA,97,"Urban, Urban",NA,54.85655,-6.26295,1,"Ballymena","NA"
"United Kingdom of Great Britain and Northern Ireland","Barnsley/GBR",2018,NA,NA,15.594,NA,NA,99,"Urban",244270,53.5629,-1.5104,1,"Barnsley","Yorkshire and The Humber"
"United Kingdom of Great Britain and Northern Ireland","Barnstaple/GBR",2018,14.004,6.929,NA,62,91,NA,"Urban",NA,51.0748,-4.0419,1,"Barnstaple","South West"
"United Kingdom of Great Britain and Northern Ireland","Bath and North East Somerset/GBR",2018,NA,NA,38.345,NA,NA,99,"Urban",190392,51.3911,-2.3542,1,"Bath and North East Somerset","South West"
"United Kingdom of Great Britain and Northern Ireland","Blackburn With Darwen/GBR",2018,NA,NA,19.479,NA,NA,97,"Urban",148857,53.7478,-2.4527,1,"Blackburn With Darwen","North West"
"United Kingdom of Great Britain and Northern Ireland","Blackpool/GBR",2018,NA,8.51,12.463,NA,84,93,"Urban",250412,53.8049,-3.0072,1,"Blackpool","North West"
"United Kingdom of Great Britain and Northern Ireland","Bournemouth/GBR",2018,NA,11.364,15.761,NA,97,92,"Urban, Urban",505687,50.73755,-1.8038,1,"Bournemouth","South West"
"United Kingdom of Great Britain and Northern Ireland","Bradford/GBR",2018,NA,NA,43.47,NA,NA,97,"Urban",535987,53.7712,-1.7598,1,"Bradford","Yorkshire and The Humber"
"United Kingdom of Great Britain and Northern Ireland","Brighton/GBR",2018,NA,8.89,16.343,NA,98,99,"Urban",353070,50.8408,-0.1476,1,"Brighton","South East"
"United Kingdom of Great Britain and Northern Ireland","Bristol/GBR",2018,19.264,12.038,34.063,87,80,91,"Urban, Urban",686210,51.4604,-2.58425,1,"Bristol","South West"
"United Kingdom of Great Britain and Northern Ireland","Cambridge/GBR",2018,NA,NA,26.373,NA,NA,98,"Urban",125339,52.2024,0.1245,1,"Cambridge","East of England"
"United Kingdom of Great Britain and Northern Ireland","Cannock Chase/GBR",2018,NA,NA,23.84,NA,NA,74,"Urban",99618,52.6873,-1.9808,1,"Cannock Chase","West Midlands"
"United Kingdom of Great Britain and Northern Ireland","Canterbury/GBR",2018,NA,NA,11.994,NA,NA,97,"Urban",NA,51.274,1.0981,1,"Canterbury","South East"
"United Kingdom of Great Britain and Northern Ireland","Cardiff/GBR",2018,18.781,10.156,22.819,78,88,72,"Urban, Urban",477627,51.4864,-3.1643,1,"Cardiff","Wales"
"United Kingdom of Great Britain and Northern Ireland","Carlisle/GBR",2018,16.19,8.598,22.14,90,91,95,"Urban",108331,54.8948,-2.9453,1,"Carlisle","North West"
"United Kingdom of Great Britain and Northern Ireland","Chesterfield/GBR",2018,15.604,9.648,15.53,89,95,92,"Urban, Urban",104604,53.2379,-1.45595,1,"Chesterfield","East Midlands"
"United Kingdom of Great Britain and Northern Ireland","Coventry/GBR",2018,19.394,10.635,24.923,94,94,98,"Urban, Urban",363467,52.40965,-1.52515,1,"Coventry","West Midlands"
"United Kingdom of Great Britain and Northern Ireland","Derby/GBR",2018,NA,NA,36.053,NA,NA,100,"Urban",257104,52.923,-1.4695,1,"Derby","East Midlands"
"United Kingdom of Great Britain and Northern Ireland","Derry And Strabane/GBR",2018,12.415,9.675,9.638,95,96,98,"Urban",150588,55.0028,-7.3312,1,"Derry And Strabane","NA"
"United Kingdom of Great Britain and Northern Ireland","Doncaster/GBR",2018,NA,NA,28.898,NA,NA,99,"Urban",309741,53.5182,-1.1381,1,"Doncaster","Yorkshire and The Humber"
"United Kingdom of Great Britain and Northern Ireland","Dumfries/GBR",2018,NA,NA,29.542,NA,NA,99,"Urban",NA,55.07,-3.6142,1,"Dumfries","NA"
"United Kingdom of Great Britain and Northern Ireland","Dundee/GBR",2018,NA,NA,12.321,NA,NA,91,"Urban",148730,56.4754,-2.9599,1,"Dundee","NA"
"United Kingdom of Great Britain and Northern Ireland","East Staffordshire/GBR",2018,NA,NA,18.927,NA,NA,91,"Urban",118063,52.821,-1.6357,1,"East Staffordshire","West Midlands"
"United Kingdom of Great Britain and Northern Ireland","Eastbourne/GBR",2018,NA,12.709,10.971,NA,98,55,"Urban",103206,50.8058,0.2716,1,"Eastbourne","South East"
"United Kingdom of Great Britain and Northern Ireland","Edinburgh/GBR",2018,10.693,6.31,34.386,93,93,98,"Urban, Urban",536775,55.9452,-3.1831,1,"Edinburgh","NA"
"United Kingdom of Great Britain and Northern Ireland","Exeter/GBR",2018,NA,NA,29.099,NA,NA,97,"Urban",129672,50.7251,-3.5325,1,"Exeter","South West"
"United Kingdom of Great Britain and Northern Ireland","Halton/GBR",2018,NA,NA,44.852,NA,NA,17,"Urban",128014,53.3654,-2.7317,1,"Halton","North West"
"United Kingdom of Great Britain and Northern Ireland","Hartlepool/GBR",2018,NA,NA,13.063,NA,NA,99,"Urban",93131,54.6832,-1.2038,1,"Hartlepool","North East"
"United Kingdom of Great Britain and Northern Ireland","Highland/GBR",2018,12.902,4.69,17.769,45,50,99,"Urban",NA,57.4813,-4.2415,1,"Highland","NA"
"United Kingdom of Great Britain and Northern Ireland","Inverclyde/GBR",2018,11.711,6.177,32.276,100,100,100,"Urban",78455,55.9441,-4.7344,1,"Inverclyde","NA"
"United Kingdom of Great Britain and Northern Ireland","Kingston Upon Hull/GBR",2018,20.445,10.681,24.355,95,98,99,"Urban, Urban",320825,53.7539,-0.32345,1,"Kingston Upon Hull","Yorkshire and The Humber"
"United Kingdom of Great Britain and Northern Ireland","Kirklees/GBR",2018,NA,NA,27.184,NA,NA,31,"Urban",437936,53.6931,-1.6371,1,"Kirklees","Yorkshire and The Humber"
"United Kingdom of Great Britain and Northern Ireland","Leeds/GBR",2018,17.491,11.362,31.275,96,95,99,"Urban, Urban",787020,53.8119,-1.56145,1,"Leeds","Yorkshire and The Humber"
"United Kingdom of Great Britain and Northern Ireland","Leicester/GBR",2018,22.521,10.424,29.514,93,98,99,"Urban, Urban",552178,52.62925,-1.12575,1,"Leicester","East Midlands"
"United Kingdom of Great Britain and Northern Ireland","Lincoln/GBR",2018,NA,NA,33.275,NA,NA,100,"Urban",98739,53.2214,-0.5342,1,"Lincoln","East Midlands"
"United Kingdom of Great Britain and Northern Ireland","Liverpool/GBR",2018,16.126,8.585,22.998,93,95,99,"Urban, Urban, Urban, Urban",901708,53.389875,-2.908525,1,"Liverpool","North West"
"United Kingdom of Great Britain and Northern Ireland","London/GBR",2018,19.793,10.488,38.512,94,85,96,"Urban, Suburban, Suburban, Urban, Urban, Urban, Urban, Urban, Urban, Urban, Urban, Urban, Urban, Urban, Urban",9304016,51.50926667,-0.156973333,1,"London","London"
"United Kingdom of Great Britain and Northern Ireland","Luton/GBR",2018,NA,NA,42.857,NA,NA,99,"Urban",214384,51.8923,-0.4621,1,"Luton","East of England"
"United Kingdom of Great Britain and Northern Ireland","Medway/GBR",2018,20.591,12.639,18.189,97,96,97,"Rural, Urban",277736,51.41525,0.59145,1,"Medway","South East"
"United Kingdom of Great Britain and Northern Ireland","Newport/GBR",2018,13.991,8.096,18.501,57,57,43,"Urban",316371,51.6012,-2.9773,1,"Newport","Wales"
"United Kingdom of Great Britain and Northern Ireland","Norwich/GBR",2018,15.745,10.244,11.655,86,89,99,"Urban",140745,52.6142,1.302,1,"Norwich","East of England"
"United Kingdom of Great Britain and Northern Ireland","Oxford/GBR",2018,12.235,9.665,26.864,97,96,97,"Urban, Urban",154455,51.74825,-1.2589,1,"Oxford","South East"
"United Kingdom of Great Britain and Northern Ireland","Plymouth/GBR",2018,16.28,9.916,18.704,96,92,92,"Urban, Urban",263085,50.3914,-4.13635,1,"Plymouth","South West"
"United Kingdom of Great Britain and Northern Ireland","Portsmouth/GBR",2018,17.647,12.378,24.629,81,56,98,"Urban, Urban",542040,50.81355,-1.0821,1,"Portsmouth","South East"
"United Kingdom of Great Britain and Northern Ireland","Preston/GBR",2018,NA,9.279,21.126,NA,96,99,"Urban",328158,53.7656,-2.6804,1,"Preston","North West"
"United Kingdom of Great Britain and Northern Ireland","Reading/GBR",2018,15.099,9.115,27.776,85,93,98,"Urban, Urban",329619,51.454,-0.94225,1,"Reading","South East"
"United Kingdom of Great Britain and Northern Ireland","Sheffield/GBR",2018,15.993,12.771,28.986,97,93,98,"Urban, Urban, Urban",730158,53.39803333,-1.443333333,1,"Sheffield","Yorkshire and The Humber"
"United Kingdom of Great Britain and Northern Ireland","Southampton/GBR",2018,17.212,11.88,31.941,72,87,97,"Urban, Urban",383736,50.9142,-1.42965,1,"Southampton","South East"
"United Kingdom of Great Britain and Northern Ireland","Southend On Sea/GBR",2018,NA,12.474,18.786,NA,72,76,"Urban",312328,51.5442,0.6784,1,"Southend On Sea","East of England"
"United Kingdom of Great Britain and Northern Ireland","Stockton On Tees/GBR",2018,15.735,9.791,16.737,89,95,98,"Urban, Urban, Urban",196850,54.56263333,-1.3165,1,"Stockton On Tees","North East"
"United Kingdom of Great Britain and Northern Ireland","Stoke On Trent/GBR",2018,19.18,9.447,38.252,95,92,98,"Urban, Urban",386013,53.0043,-2.1435,1,"Stoke On Trent","West Midlands"
"United Kingdom of Great Britain and Northern Ireland","Sunderland/GBR",2018,NA,8.435,17.166,NA,90,90,"Urban, Urban",341366,54.901,-1.40765,1,"Sunderland","North East"
"United Kingdom of Great Britain and Northern Ireland","Swansea/GBR",2018,19.686,12.822,23.499,96,92,99,"Urban",311408,51.6327,-3.9474,1,"Swansea","Wales"
"United Kingdom of Great Britain and Northern Ireland","Swindon/GBR",2018,NA,NA,13.305,NA,NA,97,"Urban",221180,51.5581,-1.7657,1,"Swindon","South West"
"United Kingdom of Great Britain and Northern Ireland","Telford And Wrekin/GBR",2018,NA,NA,15.547,NA,NA,95,"Urban",176784,52.6735,-2.4367,1,"Telford And Wrekin","West Midlands"
"United Kingdom of Great Britain and Northern Ireland","Thurrock/GBR",2018,18.586,10.059,26.158,87,98,98,"Urban, Urban",171460,51.49765,0.37875,1,"Thurrock","East of England"
"United Kingdom of Great Britain and Northern Ireland","Warwick/GBR",2018,13.913,10.772,17.245,80,84,95,"Urban, Urban",141383,52.29185,-1.538,1,"Warwick","West Midlands"
"United Kingdom of Great Britain and Northern Ireland","Worthing/GBR",2018,NA,10.421,36.504,NA,75,95,"Urban",109829,50.8329,-0.3799,1,"Worthing","South East"
"United Kingdom of Great Britain and Northern Ireland","Wrexham/GBR",2018,13.098,9.539,18.159,72,15,89,"Urban",135849,53.0422,-3.0028,1,"Wrexham","Wales"
"United Kingdom of Great Britain and Northern Ireland","York/GBR",2018,16.1,10.619,20.649,94,94,97,"Urban, Urban",209028,53.9597,-1.0812,1,"York","Yorkshire and The Humber"
"United Kingdom of Great Britain and Northern Ireland","Aberdeen/GBR",2019,13.711,7.259,29.171,93,93,98,"Urban, Urban, Urban",228180,57.1453,-2.098333333,1,"Aberdeen","NA"
"United Kingdom of Great Britain and Northern Ireland","Alfriston/GBR",2019,NA,NA,7.24,NA,NA,98,"Rural",NA,50.7937,0.1813,1,"Alfriston","South East"
"United Kingdom of Great Britain and Northern Ireland","Armagh/GBR",2019,17.171,NA,23.738,87,NA,96,"Urban",NA,54.3537,-6.6546,1,"Armagh","NA"
"United Kingdom of Great Britain and Northern Ireland","Ballymena/GBR",2019,NA,NA,17.697,NA,NA,95,"Urban, Urban",NA,54.85655,-6.26295,1,"Ballymena","NA"
"United Kingdom of Great Britain and Northern Ireland","Barnsley/GBR",2019,NA,NA,16.557,NA,NA,86,"Urban",244270,53.5629,-1.5104,1,"Barnsley","Yorkshire and The Humber"
"United Kingdom of Great Britain and Northern Ireland","Barnstaple/GBR",2019,16.611,8.141,NA,95,95,NA,"Urban",NA,51.0748,-4.0419,1,"Barnstaple","South West"
"United Kingdom of Great Britain and Northern Ireland","Bath and North East Somerset/GBR",2019,NA,NA,41.05,NA,NA,31,"Urban, Urban",190392,51.391,-2.3546,1,"Bath and North East Somerset","South West"
"United Kingdom of Great Britain and Northern Ireland","Blackburn With Darwen/GBR",2019,NA,NA,20.228,NA,NA,92,"Urban",148857,53.7478,-2.4527,1,"Blackburn With Darwen","North West"
"United Kingdom of Great Britain and Northern Ireland","Blackpool/GBR",2019,13.424,9.172,12.195,47,85,93,"Urban",250412,53.8049,-3.0072,1,"Blackpool","North West"
"United Kingdom of Great Britain and Northern Ireland","Bournemouth/GBR",2019,NA,11.828,15.431,NA,95,99,"Urban, Urban",505687,50.73755,-1.8038,1,"Bournemouth","South West"
"United Kingdom of Great Britain and Northern Ireland","Bradford/GBR",2019,NA,NA,41.838,NA,NA,96,"Urban",535987,53.7712,-1.7598,1,"Bradford","Yorkshire and The Humber"
"United Kingdom of Great Britain and Northern Ireland","Brighton/GBR",2019,NA,12.418,15.242,NA,39,97,"Urban",353070,50.8408,-0.1476,1,"Brighton","South East"
"United Kingdom of Great Britain and Northern Ireland","Bristol/GBR",2019,18.444,10.759,31.301,90,85,92,"Urban, Urban",686210,51.4604,-2.58425,1,"Bristol","South West"
"United Kingdom of Great Britain and Northern Ireland","Cambridge/GBR",2019,NA,NA,27.391,NA,NA,87,"Urban",125339,52.2024,0.1245,1,"Cambridge","East of England"
"United Kingdom of Great Britain and Northern Ireland","Cannock Chase/GBR",2019,NA,NA,21.416,NA,NA,99,"Urban",99618,52.6873,-1.9808,1,"Cannock Chase","West Midlands"
"United Kingdom of Great Britain and Northern Ireland","Canterbury/GBR",2019,NA,NA,12.105,NA,NA,99,"Urban",NA,51.274,1.0981,1,"Canterbury","South East"
"United Kingdom of Great Britain and Northern Ireland","Cardiff/GBR",2019,20.924,11.794,25.276,82,64,81,"Urban, Urban",477627,51.4864,-3.1643,1,"Cardiff","Wales"
"United Kingdom of Great Britain and Northern Ireland","Carlisle/GBR",2019,18.593,10.81,25.96,95,94,96,"Urban",108331,54.8948,-2.9453,1,"Carlisle","North West"
"United Kingdom of Great Britain and Northern Ireland","Chesterfield/GBR",2019,13.408,8.623,14.883,95,93,96,"Urban, Urban",104604,53.2379,-1.45595,1,"Chesterfield","East Midlands"
"United Kingdom of Great Britain and Northern Ireland","Coventry/GBR",2019,15.292,9.083,25.687,79,94,99,"Urban, Urban",363467,52.40965,-1.52515,1,"Coventry","West Midlands"
"United Kingdom of Great Britain and Northern Ireland","Derby/GBR",2019,NA,NA,35.011,NA,NA,98,"Urban",257104,52.923,-1.4695,1,"Derby","East Midlands"
"United Kingdom of Great Britain and Northern Ireland","Derry And Strabane/GBR",2019,11.506,9.361,10.608,77,83,98,"Urban",150588,55.0028,-7.3312,1,"Derry And Strabane","NA"
"United Kingdom of Great Britain and Northern Ireland","Doncaster/GBR",2019,NA,NA,30.105,NA,NA,98,"Urban",309741,53.5182,-1.1381,1,"Doncaster","Yorkshire and The Humber"
"United Kingdom of Great Britain and Northern Ireland","Dumfries/GBR",2019,NA,NA,31.129,NA,NA,99,"Urban",NA,55.07,-3.6142,1,"Dumfries","NA"
"United Kingdom of Great Britain and Northern Ireland","Dundee/GBR",2019,NA,NA,11.011,NA,NA,96,"Urban",148730,56.4754,-2.9599,1,"Dundee","NA"
"United Kingdom of Great Britain and Northern Ireland","East Staffordshire/GBR",2019,NA,NA,18.282,NA,NA,98,"Urban",118063,52.821,-1.6357,1,"East Staffordshire","West Midlands"
"United Kingdom of Great Britain and Northern Ireland","Eastbourne/GBR",2019,15.546,10.461,11.452,95,98,91,"Urban",103206,50.8058,0.2716,1,"Eastbourne","South East"
"United Kingdom of Great Britain and Northern Ireland","Edinburgh/GBR",2019,10.942,6.336,35.586,90,93,97,"Urban, Urban",536775,55.9452,-3.1831,1,"Edinburgh","NA"
"United Kingdom of Great Britain and Northern Ireland","Exeter/GBR",2019,NA,NA,27.897,NA,NA,91,"Urban",129672,50.7251,-3.5325,1,"Exeter","South West"
"United Kingdom of Great Britain and Northern Ireland","Halton/GBR",2019,NA,NA,33.945,NA,NA,83,"Urban",128014,53.3654,-2.7317,1,"Halton","North West"
"United Kingdom of Great Britain and Northern Ireland","Hartlepool/GBR",2019,NA,NA,12.353,NA,NA,99,"Urban",93131,54.6832,-1.2038,1,"Hartlepool","North East"
"United Kingdom of Great Britain and Northern Ireland","Highland/GBR",2019,9.375,5.426,16.467,89,88,99,"Urban",NA,57.4813,-4.2415,1,"Highland","NA"
"United Kingdom of Great Britain and Northern Ireland","Inverclyde/GBR",2019,11.794,6.558,27.661,100,100,99,"Urban",78455,55.9441,-4.7344,1,"Inverclyde","NA"
"United Kingdom of Great Britain and Northern Ireland","Kingston Upon Hull/GBR",2019,17.401,10.756,24.424,62,95,99,"Urban, Urban",320825,53.7539,-0.32345,1,"Kingston Upon Hull","Yorkshire and The Humber"
"United Kingdom of Great Britain and Northern Ireland","Kirklees/GBR",2019,NA,NA,29.533,NA,NA,19,"Urban",437936,53.6931,-1.6371,1,"Kirklees","Yorkshire and The Humber"
"United Kingdom of Great Britain and Northern Ireland","Leeds/GBR",2019,16.098,12.323,28.361,92,94,99,"Urban, Urban",787020,53.8119,-1.56145,1,"Leeds","Yorkshire and The Humber"
"United Kingdom of Great Britain and Northern Ireland","Leicester/GBR",2019,22.466,11.224,30.462,98,97,99,"Urban, Urban",552178,52.62925,-1.12575,1,"Leicester","East Midlands"
"United Kingdom of Great Britain and Northern Ireland","Lincoln/GBR",2019,NA,NA,29.17,NA,NA,100,"Urban",98739,53.2214,-0.5342,1,"Lincoln","East Midlands"
"United Kingdom of Great Britain and Northern Ireland","Liverpool/GBR",2019,16.005,8.554,23.14,70,96,95,"Urban, Urban, Urban, Urban",901708,53.389875,-2.908525,1,"Liverpool","North West"
"United Kingdom of Great Britain and Northern Ireland","London/GBR",2019,19.395,11.206,34.338,94,95,96,"Urban, Suburban, Suburban, Urban, Urban, Urban, Urban, Urban, Urban, Urban, Urban, Urban, Urban, Urban, Urban, Urban",9304016,51.50554375,-0.1495,1,"London","London"
"United Kingdom of Great Britain and Northern Ireland","Luton/GBR",2019,NA,NA,39.322,NA,NA,97,"Urban",214384,51.8923,-0.4621,1,"Luton","East of England"
"United Kingdom of Great Britain and Northern Ireland","Medway/GBR",2019,18.909,12.37,18.466,98,95,97,"Rural, Urban",277736,51.41525,0.59145,1,"Medway","South East"
"United Kingdom of Great Britain and Northern Ireland","Newport/GBR",2019,15.245,9.51,19.866,100,100,98,"Urban",316371,51.6012,-2.9773,1,"Newport","Wales"
"United Kingdom of Great Britain and Northern Ireland","Norwich/GBR",2019,14.012,10.33,12.724,90,97,99,"Urban",140745,52.6142,1.302,1,"Norwich","East of England"
"United Kingdom of Great Britain and Northern Ireland","Oxford/GBR",2019,14.234,8.914,28.927,97,95,97,"Urban, Urban",154455,51.74825,-1.2589,1,"Oxford","South East"
"United Kingdom of Great Britain and Northern Ireland","Plymouth/GBR",2019,16.934,11.123,18.857,96,95,91,"Urban, Urban",263085,50.3914,-4.13635,1,"Plymouth","South West"
"United Kingdom of Great Britain and Northern Ireland","Portsmouth/GBR",2019,17.272,8.88,22.632,97,92,99,"Urban, Urban",542040,50.81355,-1.0821,1,"Portsmouth","South East"
"United Kingdom of Great Britain and Northern Ireland","Preston/GBR",2019,11.911,9.378,22.793,52,97,99,"Urban",328158,53.7656,-2.6804,1,"Preston","North West"
"United Kingdom of Great Britain and Northern Ireland","Reading/GBR",2019,14.309,9.451,25.478,73,38,77,"Urban, Urban",329619,51.454,-0.94225,1,"Reading","South East"
"United Kingdom of Great Britain and Northern Ireland","Sheffield/GBR",2019,14.917,12.493,30.159,97,95,86,"Urban, Urban, Urban",730158,53.39803333,-1.443333333,1,"Sheffield","Yorkshire and The Humber"
"United Kingdom of Great Britain and Northern Ireland","Southampton/GBR",2019,16.852,9.599,30.164,93,97,98,"Urban, Urban",383736,50.9142,-1.42965,1,"Southampton","South East"
"United Kingdom of Great Britain and Northern Ireland","Southend On Sea/GBR",2019,11.483,10.64,17.875,27,97,99,"Urban",312328,51.5442,0.6784,1,"Southend On Sea","East of England"
"United Kingdom of Great Britain and Northern Ireland","Stockton On Tees/GBR",2019,13.586,8.21,15.596,95,95,99,"Urban, Urban, Urban",196850,54.56263333,-1.3165,1,"Stockton On Tees","North East"
"United Kingdom of Great Britain and Northern Ireland","Stoke On Trent/GBR",2019,15.748,9.471,37.579,81,97,99,"Urban, Urban",386013,53.0043,-2.1435,1,"Stoke On Trent","West Midlands"
"United Kingdom of Great Britain and Northern Ireland","Sunderland/GBR",2019,10.732,9.402,15.075,26,85,93,"Urban, Urban",341366,54.901,-1.40765,1,"Sunderland","North East"
"United Kingdom of Great Britain and Northern Ireland","Swansea/GBR",2019,18.359,9.859,24.127,94,94,99,"Urban",311408,51.6327,-3.9474,1,"Swansea","Wales"
"United Kingdom of Great Britain and Northern Ireland","Swindon/GBR",2019,NA,NA,13.529,NA,NA,99,"Urban",221180,51.5581,-1.7657,1,"Swindon","South West"
"United Kingdom of Great Britain and Northern Ireland","Telford And Wrekin/GBR",2019,NA,NA,14.871,NA,NA,99,"Urban",176784,52.6735,-2.4367,1,"Telford And Wrekin","West Midlands"
"United Kingdom of Great Britain and Northern Ireland","Thurrock/GBR",2019,18.871,11.541,24.782,97,91,99,"Urban, Urban",171460,51.49765,0.37875,1,"Thurrock","East of England"
"United Kingdom of Great Britain and Northern Ireland","Warwick/GBR",2019,13.87,9.495,17.083,95,94,96,"Urban, Urban",141383,52.29185,-1.538,1,"Warwick","West Midlands"
"United Kingdom of Great Britain and Northern Ireland","Worthing/GBR",2019,NA,10.041,33.083,NA,97,97,"Urban",109829,50.8329,-0.3799,1,"Worthing","South East"
"United Kingdom of Great Britain and Northern Ireland","Wrexham/GBR",2019,12.09,7.869,16.434,80,80,80,"Urban",135849,53.0422,-3.0028,1,"Wrexham","Wales"
"United Kingdom of Great Britain and Northern Ireland","York/GBR",2019,17.922,10.872,20.391,96,81,98,"Urban, Urban",209028,53.9597,-1.0812,1,"York","Yorkshire and The Humber"
"United Kingdom of Great Britain and Northern Ireland","Wrexham/GBR",2020,11.446,7.053,12.874,100,100,99,"Urban",136055,53.04222,-3.002778,1,"Wrexham","Wales"
"United Kingdom of Great Britain and Northern Ireland","Armagh/GBR",2020,16.957,NA,21.12,95,NA,96,"Urban",217232,54.353728,-6.654558,1,"Armagh","NA"
"United Kingdom of Great Britain and Northern Ireland","Barnsley/GBR",2020,NA,NA,11.863,NA,NA,97,"Urban",248071,53.56292,-1.510436,1,"Barnsley","Yorkshire and The Humber"
"United Kingdom of Great Britain and Northern Ireland","Bath and North East Somerset/GBR",2020,NA,NA,28.043,NA,NA,98,"Urban",196357,51.390922,-2.35503,1,"Bath and North East Somerset","South West"
"United Kingdom of Great Britain and Northern Ireland","York/GBR",2020,17.22,8.119,16.745,96,94,80,"Urban, Urban",211012,53.959701,-1.0811875,1,"York","Yorkshire and The Humber"
"United Kingdom of Great Britain and Northern Ireland","Aberdeen/GBR",2013,13.484,8.59,38.939,89,83,81,"Urban, Urban",216289,57.152255,-2.0991656,1,"Aberdeen","NA"
"United Kingdom of Great Britain and Northern Ireland","Blackburn With Darwen/GBR",2020,NA,NA,17.154,NA,NA,95,"Urban",150030,53.747751,-2.452724,1,"Blackburn With Darwen","North West"
"United Kingdom of Great Britain and Northern Ireland","Bristol/GBR",2013,17.701,12.809,27.975,96,97,99,"Urban",686210,51.46282925,-2.5844865,1,"Bristol","South West"
"United Kingdom of Great Britain and Northern Ireland","Bournemouth/GBR",2020,NA,11.224,12.112,NA,83,98,"Urban, Urban",505687,50.737512,-1.803816,1,"Bournemouth","South West"
"United Kingdom of Great Britain and Northern Ireland","Bradford/GBR",2020,NA,NA,34.39,NA,NA,81,"Urban",542128,53.771245,-1.759774,1,"Bradford","Yorkshire and The Humber"
"United Kingdom of Great Britain and Northern Ireland","Brighton/GBR",2020,NA,9.212,10.926,NA,41,99,"Urban",291738,50.840836,-0.147572,1,"Brighton","South East"
"United Kingdom of Great Britain and Northern Ireland","Cardiff/GBR",2013,18.949,13.51,25.901,92,92,96,"Urban",477627,51.481785,-3.1762625,1,"Cardiff","Wales"
"United Kingdom of Great Britain and Northern Ireland","Bury/GBR",2020,15.821,NA,19.191,94,NA,98,"Urban",190708,53.559029,-2.293772,1,"Bury","North West"
"United Kingdom of Great Britain and Northern Ireland","Caerphilly/GBR",2020,NA,NA,46.876,NA,NA,99,"Urban",181731,51.680579,-3.133508,1,"Caerphilly","Wales"
"United Kingdom of Great Britain and Northern Ireland","Cambridge/GBR",2020,NA,NA,22.118,NA,NA,84,"Urban",125063,52.20237,0.124456,1,"Cambridge","East of England"
"United Kingdom of Great Britain and Northern Ireland","Carlisle/GBR",2013,12.227,11.696,27.413,46,96,99,"Urban",105519,54.89482267,-2.945304667,1,"Carlisle","North West"
"United Kingdom of Great Britain and Northern Ireland","Cannock Chase/GBR",2020,NA,NA,14.35,NA,NA,93,"Urban",101484,52.687298,-1.980821,1,"Cannock Chase","West Midlands"
"United Kingdom of Great Britain and Northern Ireland","Canterbury/GBR",2020,NA,NA,10.385,NA,NA,98,"Urban",166762,51.27399,1.098061,1,"Canterbury","South East"
"United Kingdom of Great Britain and Northern Ireland","Chesterfield/GBR",2013,16.617,10.713,20.307,93,79,93,"Urban, Urban",98993,53.23123314,-1.446936286,1,"Chesterfield","East Midlands"
"United Kingdom of Great Britain and Northern Ireland","Derry And Strabane/GBR",2013,14.775,11.489,14.052,89,76,97,"Urban",150588,55.0012,-7.3291,1,"Derry And Strabane","NA"
"United Kingdom of Great Britain and Northern Ireland","Cheshire East/GBR",2020,NA,NA,10.429,NA,NA,96,NA,386667,53.115941,-2.453492,1,"Cheshire East","North West"
"United Kingdom of Great Britain and Northern Ireland","Eastbourne/GBR",2013,22.911,15.275,12.397,66,99,94,"Urban",95477,50.80578533,0.271607333,1,"Eastbourne","South East"
"United Kingdom of Great Britain and Northern Ireland","Cornwall/GBR",2020,15.688,7.745,NA,89,91,NA,"Urban",573299,50.411463,-4.227678,1,"Cornwall","South West"
"United Kingdom of Great Britain and Northern Ireland","Edinburgh/GBR",2013,13.536,7.516,22.165,94,98,99,"Urban",536775,55.94559175,-3.1821895,1,"Edinburgh","NA"
"United Kingdom of Great Britain and Northern Ireland","Derby/GBR",2020,NA,NA,26.371,NA,NA,97,"Urban",256814,52.922983,-1.469507,1,"Derby","East Midlands"
"United Kingdom of Great Britain and Northern Ireland","Doncaster/GBR",2020,NA,NA,23.534,NA,NA,98,"Urban",312785,53.51824,-1.138057,1,"Doncaster","Yorkshire and The Humber"
"United Kingdom of Great Britain and Northern Ireland","Dumfries/GBR",2020,NA,NA,22.121,NA,NA,98,"Urban",148290,55.070033,-3.614233,1,"Dumfries","NA"
"United Kingdom of Great Britain and Northern Ireland","Dundee/GBR",2020,NA,NA,8.452,NA,NA,97,NA,148820,56.475434,-2.959861,1,"Dundee","NA"
"United Kingdom of Great Britain and Northern Ireland","Ealing/GBR",2020,24.451,NA,NA,90,NA,NA,"Urban",340341,51.51895,-0.265617,1,"Ealing","London"
"United Kingdom of Great Britain and Northern Ireland","East Devon/GBR",2020,NA,NA,6.551,NA,NA,96,"Urban",148080,50.792287,-3.196702,1,"East Devon","South West"
"United Kingdom of Great Britain and Northern Ireland","East Staffordshire/GBR",2020,NA,NA,14.132,NA,NA,99,NA,120923,52.82105,-1.635718,1,"East Staffordshire","West Midlands"
"United Kingdom of Great Britain and Northern Ireland","Exeter/GBR",2020,NA,NA,18.757,NA,NA,99,"Urban",133333,50.725083,-3.532465,1,"Exeter","South West"
"United Kingdom of Great Britain and Northern Ireland","Halton/GBR",2020,NA,NA,24.288,NA,NA,99,"Urban",129759,53.365391,-2.73168,1,"Halton","North West"
"United Kingdom of Great Britain and Northern Ireland","Haringey/GBR",2020,NA,NA,24.725,NA,NA,99,"Urban, Urban",266357,51.591714,-0.096736,1,"Haringey","London"
"United Kingdom of Great Britain and Northern Ireland","Hartlepool/GBR",2020,NA,NA,10.005,NA,NA,99,NA,93836,54.683242,-1.203838,1,"Hartlepool","North East"
"United Kingdom of Great Britain and Northern Ireland","Hertsmere/GBR",2020,NA,NA,15.251,NA,NA,93,NA,105471,51.661229,-0.270671,1,"Hertsmere","East of England"
"United Kingdom of Great Britain and Northern Ireland","Hillingdon/GBR",2020,NA,NA,28.032,NA,NA,98,"Urban",309014,51.49633,-0.460861,1,"Hillingdon","London"
"United Kingdom of Great Britain and Northern Ireland","Horsham/GBR",2020,NA,NA,17.358,NA,NA,94,"Urban",145474,50.916932,-0.449548,1,"Horsham","South East"
"United Kingdom of Great Britain and Northern Ireland","Highland/GBR",2013,11.648,6.058,21.017,92,98,98,"Urban",NA,57.4813,-4.2415,1,"Highland","NA"
"United Kingdom of Great Britain and Northern Ireland","Kingston Upon Hull/GBR",2013,14.262,12.359,26.739,95,98,95,"Urban",320825,53.7488,-0.3412,1,"Kingston Upon Hull","Yorkshire and The Humber"
"United Kingdom of Great Britain and Northern Ireland","Leeds/GBR",2013,19.931,14.418,38.847,76,66,98,"Urban, Urban",762241,53.8135048,-1.5644188,1,"Leeds","Yorkshire and The Humber"
"United Kingdom of Great Britain and Northern Ireland","Kirklees/GBR",2020,NA,NA,15.658,NA,NA,89,NA,441290,53.693104,-1.637111,1,"Kirklees","Yorkshire and The Humber"
"United Kingdom of Great Britain and Northern Ireland","Leicester/GBR",2013,17.347,12.37,28.694,65,37,44,"Urban, Urban",552178,52.62555,-1.13015,1,"Leicester","East Midlands"
"United Kingdom of Great Britain and Northern Ireland","Liverpool/GBR",2013,14.021,11.187,28.693,98,97,80,"Urban, Urban, Urban",901708,53.3887,-2.943166667,1,"Liverpool","North West"
"United Kingdom of Great Britain and Northern Ireland","Lewisham/GBR",2020,13.831,8.726,NA,100,100,NA,"Urban",305309,51.449674,-0.037418,1,"Lewisham","London"
"United Kingdom of Great Britain and Northern Ireland","Lincoln/GBR",2020,NA,NA,21.418,NA,NA,97,"Urban",100049,53.221373,-0.534189,1,"Lincoln","East Midlands"
"United Kingdom of Great Britain and Northern Ireland","Luton/GBR",2020,NA,NA,30.736,NA,NA,97,"Urban",213528,51.892293,-0.46211,1,"Luton","East of England"
"United Kingdom of Great Britain and Northern Ireland","London/GBR",2013,23.623,14.962,47.485,83,81,97,"Urban, Suburban, Suburban, Urban, Urban, Urban, Urban, Urban, Urban, Urban, Urban, Urban, Urban, Urban, Urban, Urban",9304016,51.51899067,-0.147385872,1,"London","London"
"United Kingdom of Great Britain and Northern Ireland","Medway/GBR",2013,20.477,14.892,19.899,97,92,83,"Rural, Urban",277736,51.41525,0.59145,1,"Medway","South East"
"United Kingdom of Great Britain and Northern Ireland","Mid And East Antrim/GBR",2020,NA,NA,12.948,NA,NA,94,"Urban, Urban",139443,54.856543,-6.262917,1,"Mid And East Antrim","NA"
"United Kingdom of Great Britain and Northern Ireland","Newport/GBR",2013,17.693,12.953,22.967,68,86,89,"Urban",316371,51.601202,-2.977287333,1,"Newport","Wales"
"United Kingdom of Great Britain and Northern Ireland","Norwich/GBR",2013,14.626,13.234,14.714,80,97,97,"Urban",131740,52.61419475,1.301982,1,"Norwich","East of England"
"United Kingdom of Great Britain and Northern Ireland","Oxford/GBR",2013,20.727,13.743,38.421,71,94,96,"Urban, Urban",146362,51.7475714,-1.2591638,1,"Oxford","South East"
"United Kingdom of Great Britain and Northern Ireland","Oldham/GBR",2020,NA,NA,23.393,NA,NA,98,"Urban",237628,53.579218,-2.093846,1,"Oldham","North West"
"United Kingdom of Great Britain and Northern Ireland","Plymouth/GBR",2013,18.331,12.007,22.172,87,91,99,"Urban",246523,50.3716775,-4.14237075,1,"Plymouth","South West"
"United Kingdom of Great Britain and Northern Ireland","Portsmouth/GBR",2013,18.136,13.936,20.273,74,94,84,"Urban",309599,50.82880667,-1.068588667,1,"Portsmouth","South East"
"United Kingdom of Great Britain and Northern Ireland","Reading/GBR",2013,15.519,9.916,26.553,92,90,98,"Urban",178866,51.4530925,-0.94407525,1,"Reading","South East"
"United Kingdom of Great Britain and Northern Ireland","Sheffield/GBR",2013,20.584,12.926,33.271,37,37,59,"Urban, Urban, Urban",730158,53.39437,-1.43590975,1,"Sheffield","Yorkshire and The Humber"
"United Kingdom of Great Britain and Northern Ireland","Richmond Upon Thames/GBR",2020,13.072,7.77,NA,96,96,NA,"Urban",198141,51.425286,-0.345606,1,"Richmond Upon Thames","London"
"United Kingdom of Great Britain and Northern Ireland","Southampton/GBR",2013,21.016,15.011,31.27,96,97,98,"Urban",266998,50.90813,-1.3957835,1,"Southampton","South East"
"United Kingdom of Great Britain and Northern Ireland","Sandwell/GBR",2020,NA,NA,22.188,NA,NA,97,"Urban",329042,52.5053865,-1.9947525,1,"Sandwell","West Midlands"
"United Kingdom of Great Britain and Northern Ireland","Scottish Borders/GBR",2020,NA,NA,3.808,NA,NA,99,"Urban",115240,55.657472,-3.196527,1,"Scottish Borders","NA"
"United Kingdom of Great Britain and Northern Ireland","Stockton On Tees/GBR",2013,16.784,10.049,18.102,97,96,97,"Urban, Urban",191297,54.54624517,-1.330713333,1,"Stockton On Tees","North East"
"United Kingdom of Great Britain and Northern Ireland","Stoke On Trent/GBR",2013,20.293,13.784,29.024,95,97,92,"Urban",386013,53.0282075,-2.17512475,1,"Stoke On Trent","West Midlands"
"United Kingdom of Great Britain and Northern Ireland","Southwark/GBR",2020,22.202,NA,28.48,75,NA,68,"Urban",320017,51.480499,-0.05955,1,"Southwark","London"
"United Kingdom of Great Britain and Northern Ireland","St Helens/GBR",2020,18.321,NA,25.022,96,NA,99,"Urban",181095,53.451826,-2.742134,1,"St Helens","North West"
"United Kingdom of Great Britain and Northern Ireland","Swansea/GBR",2013,19.069,11.93,31.101,98,98,99,"Urban",311408,51.632697,-3.9473805,1,"Swansea","Wales"
"United Kingdom of Great Britain and Northern Ireland","Thurrock/GBR",2013,21.743,14.238,27.73,87,87,97,"Urban, Urban",171460,51.49765,0.37875,1,"Thurrock","East of England"
"United Kingdom of Great Britain and Northern Ireland","Swindon/GBR",2020,NA,NA,9.888,NA,NA,98,NA,222881,51.558061,-1.765678,1,"Swindon","South West"
"United Kingdom of Great Britain and Northern Ireland","Telford And Wrekin/GBR",2020,NA,NA,10.794,NA,NA,98,NA,181322,52.673471,-2.436692,1,"Telford And Wrekin","West Midlands"
"United Kingdom of Great Britain and Northern Ireland","Tower Hamlets/GBR",2020,NA,NA,25.399,NA,NA,100,"Urban",331969,51.52253,-0.042155,1,"Tower Hamlets","London"
"United Kingdom of Great Britain and Northern Ireland","Walsall/GBR",2020,NA,NA,13.005,NA,NA,99,NA,286716,52.605621,-2.030523,1,"Walsall","West Midlands"
"United Kingdom of Great Britain and Northern Ireland","Warwick/GBR",2013,19.443,12.524,22.132,54,88,76,"Urban, Urban",141383,52.29185,-1.538,1,"Warwick","West Midlands"
"United Kingdom of Great Britain and Northern Ireland","West Dunbartonshire/GBR",2020,NA,NA,12.614,NA,NA,100,"Urban",88340,55.943197,-4.55973,1,"West Dunbartonshire","NA"
"United Kingdom of Great Britain and Northern Ireland","West Northamptonshire/GBR",2020,NA,10.32,9.253,NA,97,99,"Urban",406733,52.272257,-0.916605,1,"West Northamptonshire","East Midlands"
"United Kingdom of Great Britain and Northern Ireland","Westminster/GBR",2020,NA,10.175,34.7,NA,87,98,"Urban, Urban",269848,51.5086,-0.143271,1,"Westminster","London"
"United Kingdom of Great Britain and Northern Ireland","Worthing/GBR",2020,NA,7.935,26.406,NA,98,99,"Urban",110727,50.832947,-0.379916,1,"Worthing","South East"
"United Kingdom of Great Britain and Northern Ireland","Wrexham/GBR",2013,17.095,10.387,21.758,94,94,97,"Urban",131989,53.042215,-3.0027835,1,"Wrexham","Wales"
"United Kingdom of Great Britain and Northern Ireland","York/GBR",2013,15.261,12.38,27.229,91,95,98,"Urban, Urban",196959,53.95858471,-1.080430143,1,"York","Yorkshire and The Humber"
